{"sessionId":"b47418","runId":"post-fix4","hypothesisId":"G","location":"CreepSwarmController.cs:EnsureGroundMaskFromCreeps","message":"copied ground mask from creep","data":{"groundMask":64},"timestamp":1789129524003}
{"sessionId":"b47418","runId":"post-fix6","hypothesisId":"G","location":"CreepSwarmController.cs:FixedUpdate","message":"swarm state","data":{"alive":34,"falling":0,"joyX":0,"joyY":0,"joyMag":0,"formScale":1,"tx":0.111194275,"ty":-5.393454,"groundMask":64},"timestamp":1789129527014}
{"sessionId":"b47418","runId":"post-fix6","hypothesisId":"I","location":"Creep.cs:ApplyWalkBob","message":"walk bob","data":{"spd":3.93748784,"bob":-0.08825759,"angle":-7.354799,"amount":1},"timestamp":1789129527129}
{"sessionId":"b47418","runId":"post-fix6","hypothesisId":"I","location":"Creep.cs:ApplyWalkBob","message":"walk bob","data":{"spd":1.98018384,"bob":-0.06784576,"angle":-5.653814,"amount":0.6092874},"timestamp":1789129527652}
{"sessionId":"b47418","runId":"post-fix6","hypothesisId":"G","location":"CreepSwarmController.cs:FixedUpdate","message":"swarm state","data":{"alive":34,"falling":0,"joyX":0,"joyY":0,"joyMag":0,"formScale":1,"tx":0.111194275,"ty":-5.393454,"groundMask":64},"timestamp":1789129527751}
{"sessionId":"b47418","runId":"post-fix6","hypothesisId":"I","location":"Creep.cs:ApplyWalkBob","message":"walk bob","data":{"spd":0.494562536,"bob":-0.00113997748,"angle":-0.09499812,"amount":0.152173087},"timestamp":1789129528167}
{"sessionId":"b47418","runId":"post-fix6","hypothesisId":"G","location":"CreepSwarmController.cs:FixedUpdate","message":"swarm state","data":{"alive":34,"falling":0,"joyX":0,"joyY":0,"joyMag":0,"formScale":1,"tx":0.111194275,"ty":-5.393454,"groundMask":64},"timestamp":1789129528190}
{"sessionId":"b47418","runId":"post-fix6","hypothesisId":"G","location":"CreepSwarmController.cs:FixedUpdate","message":"swarm state","data":{"alive":34,"falling":0,"joyX":0,"joyY":0,"joyMag":0,"formScale":1,"tx":0.111194275,"ty":-5.393454,"groundMask":64},"timestamp":1789129528630}
{"sessionId":"b47418","runId":"post-fix6","hypothesisId":"I","location":"Creep.cs:ApplyWalkBob","message":"walk bob","data":{"spd":1.85418582,"bob":0.0598537438,"angle":4.987812,"amount":0.570518732},"timestamp":1789129528691}
{"sessionId":"b47418","runId":"post-fix6","hypothesisId":"G","location":"CreepSwarmController.cs:FixedUpdate","message":"swarm state","data":{"alive":34,"falling":0,"joyX":0,"joyY":0,"joyMag":0,"formScale":1,"tx":0.111194275,"ty":-5.393454,"groundMask":64},"timestamp":1789129528849}
{"sessionId":"b47418","runId":"post-fix6","hypothesisId":"G","location":"CreepSwarmController.cs:FixedUpdate","message":"swarm state","data":{"alive":34,"falling":0,"joyX":0,"joyY":0,"joyMag":0,"formScale":1,"tx":0.111194275,"ty":-5.393454,"groundMask":64},"timestamp":1789129529071}
{"sessionId":"b47418","runId":"post-fix6","hypothesisId":"I","location":"Creep.cs:ApplyWalkBob","message":"walk bob","data":{"spd":0.196361735,"bob":0.00590300653,"angle":0.491917253,"amount":0.060418997},"timestamp":1789129529209}
{"sessionId":"b47418","runId":"post-fix6","hypothesisId":"G","location":"CreepSwarmController.cs:FixedUpdate","message":"swarm state","data":{"alive":34,"falling":0,"joyX":0,"joyY":0,"joyMag":0,"formScale":1,"tx":0.111194275,"ty":-5.393454,"groundMask":64},"timestamp":1789129529290}
{"sessionId":"b47418","runId":"post-fix6","hypothesisId":"G","location":"CreepSwarmController.cs:FixedUpdate","message":"swarm state","data":{"alive":34,"falling":0,"joyX":0,"joyY":0,"joyMag":0,"formScale":1,"tx":0.111194275,"ty":-5.393454,"groundMask":64},"timestamp":1789129529511}
{"sessionId":"b47418","runId":"post-fix6","hypothesisId":"G","location":"CreepSwarmController.cs:FixedUpdate","message":"swarm state","data":{"alive":34,"falling":0,"joyX":0,"joyY":0,"joyMag":0,"formScale":1,"tx":0.111194275,"ty":-5.393454,"groundMask":64},"timestamp":1789129529731}
{"sessionId":"b47418","runId":"post-fix6","hypothesisId":"I","location":"Creep.cs:ApplyWalkBob","message":"walk bob","data":{"spd":0.121945351,"bob":0.001178994,"angle":0.0982495,"amount":0.03752165},"timestamp":1789129529750}
{"sessionId":"b47418","runId":"post-fix6","hypothesisId":"G","location":"CreepSwarmController.cs:FixedUpdate","message":"swarm state","data":{"alive":34,"falling":0,"joyX":0,"joyY":0,"joyMag":0,"formScale":1,"tx":0.111194275,"ty":-5.393454,"groundMask":64},"timestamp":1789129529974}
{"sessionId":"b47418","runId":"post-fix6","hypothesisId":"G","location":"CreepSwarmController.cs:FixedUpdate","message":"swarm state","data":{"alive":34,"falling":0,"joyX":0,"joyY":0,"joyMag":0,"formScale":1,"tx":0.111194275,"ty":-5.393454,"groundMask":64},"timestamp":1789129530488}
{"sessionId":"b47418","runId":"post-fix6","hypothesisId":"G","location":"CreepSwarmController.cs:FixedUpdate","message":"swarm state","data":{"alive":34,"falling":0,"joyX":0,"joyY":0,"joyMag":0,"formScale":1,"tx":0.111194275,"ty":-5.393454,"groundMask":64},"timestamp":1789129531151}
{"sessionId":"b47418","runId":"post-fix6","hypothesisId":"G","location":"CreepSwarmController.cs:FixedUpdate","message":"swarm state","data":{"alive":34,"falling":0,"joyX":0,"joyY":0,"joyMag":0,"formScale":1,"tx":0.111194275,"ty":-5.393454,"groundMask":64},"timestamp":1789129531269}
{"sessionId":"b47418","runId":"post-fix6","hypothesisId":"G","location":"CreepSwarmController.cs:FixedUpdate","message":"swarm state","data":{"alive":34,"falling":0,"joyX":0,"joyY":0,"joyMag":0,"formScale":1,"tx":0.111194275,"ty":-5.393454,"groundMask":64},"timestamp":1789129531611}
{"sessionId":"b47418","runId":"post-fix6","hypothesisId":"G","location":"CreepSwarmController.cs:FixedUpdate","message":"swarm state","data":{"alive":34,"falling":0,"joyX":0.0548244,"joyY":0.103323676,"joyMag":0.116967931,"formScale":1,"tx":0.191968739,"ty":-5.36677265,"groundMask":64},"timestamp":1789129531871}
{"sessionId":"b47418","runId":"post-fix6","hypothesisId":"G","location":"CreepSwarmController.cs:FixedUpdate","message":"swarm state","data":{"alive":34,"falling":0,"joyX":0.0548244,"joyY":0.103323676,"joyMag":0.116967931,"formScale":1,"tx":0.2846219,"ty":-5.19215631,"groundMask":64},"timestamp":1789129532131}
{"sessionId":"b47418","runId":"post-fix6","hypothesisId":"I","location":"Creep.cs:ApplyWalkBob","message":"walk bob","data":{"spd":0.8660071,"bob":-0.02651717,"angle":-2.209764,"amount":0.266463727},"timestamp":1789129532210}
{"sessionId":"b47418","runId":"post-fix6","hypothesisId":"G","location":"CreepSwarmController.cs:FixedUpdate","message":"swarm state","data":{"alive":34,"falling":0,"joyX":-0.5482435,"joyY":0.596741855,"joyMag":0.810352862,"formScale":1,"tx":0.12544851,"ty":-4.90569925,"groundMask":64},"timestamp":1789129532268}
{"sessionId":"b47418","runId":"post-fix6","hypothesisId":"G","location":"CreepSwarmController.cs:FixedUpdate","message":"swarm state","data":{"alive":34,"falling":0,"joyX":0,"joyY":0,"joyMag":0,"formScale":1,"tx":-0.0265975948,"ty":-4.743419,"groundMask":64},"timestamp":1789129532632}
{"sessionId":"b47418","runId":"post-fix6","hypothesisId":"I","location":"Creep.cs:ApplyWalkBob","message":"walk bob","data":{"spd":0.338491321,"bob":-0.00260680681,"angle":-0.217233911,"amount":0.104151182},"timestamp":1789129532870}
{"sessionId":"b47418","runId":"post-fix6","hypothesisId":"G","location":"CreepSwarmController.cs:FixedUpdate","message":"swarm state","data":{"alive":34,"falling":0,"joyX":-0.206318349,"joyY":0.978484869,"joyMag":0.99999994,"formScale":1,"tx":-0.141927257,"ty":-4.022239,"groundMask":64},"timestamp":1789129532988}
{"sessionId":"b47418","runId":"post-fix6","hypothesisId":"I","location":"Creep.cs:ApplyWalkBob","message":"walk bob","data":{"spd":0.359051436,"bob":-0.0128950728,"angle":-1.07458937,"amount":0.110477366},"timestamp":1789129533388}
{"sessionId":"b47418","runId":"post-fix6","hypothesisId":"G","location":"CreepSwarmController.cs:FixedUpdate","message":"swarm state","data":{"alive":34,"falling":0,"joyX":0,"joyY":0,"joyMag":0,"formScale":1,"tx":-0.166458592,"ty":-3.89457488,"groundMask":64},"timestamp":1789129533789}
{"sessionId":"b47418","runId":"post-fix6","hypothesisId":"I","location":"Creep.cs:ApplyWalkBob","message":"walk bob","data":{"spd":0.1093466,"bob":-0.00253468542,"angle":-0.211223781,"amount":0.03364511},"timestamp":1789129533907}
{"sessionId":"b47418","runId":"post-fix6","hypothesisId":"I","location":"Creep.cs:ApplyWalkBob","message":"walk bob","data":{"spd":0.08142603,"bob":-0.00230249786,"angle":-0.191874832,"amount":0.0250541642},"timestamp":1789129534489}
{"sessionId":"b47418","runId":"post-fix6","hypothesisId":"G","location":"CreepSwarmController.cs:FixedUpdate","message":"swarm state","data":{"alive":34,"falling":0,"joyX":0,"joyY":0,"joyMag":0,"formScale":1,"tx":-0.08330843,"ty":-3.56060314,"groundMask":64},"timestamp":1789129534590}
{"sessionId":"b47418","runId":"post-fix6","hypothesisId":"G","location":"CreepSwarmController.cs:FixedUpdate","message":"swarm state","data":{"alive":34,"falling":0,"joyX":0,"joyY":0,"joyMag":0,"formScale":1,"tx":-0.08330843,"ty":-3.56060314,"groundMask":64},"timestamp":1789129534811}
{"sessionId":"b47418","runId":"post-fix6","hypothesisId":"G","location":"CreepSwarmController.cs:FixedUpdate","message":"swarm state","data":{"alive":34,"falling":0,"joyX":0,"joyY":0,"joyMag":0,"formScale":1,"tx":-0.08330843,"ty":-3.56060314,"groundMask":64},"timestamp":1789129534929}
{"sessionId":"b47418","runId":"post-fix6","hypothesisId":"G","location":"CreepSwarmController.cs:FixedUpdate","message":"swarm state","data":{"alive":34,"falling":0,"joyX":0,"joyY":0,"joyMag":0,"formScale":0.9272727,"tx":0.0841680244,"ty":-2.6122303,"groundMask":64},"timestamp":1789129535171}
{"sessionId":"b47418","runId":"post-fix4","hypothesisId":"A","location":"Creep.cs:UpdateFallState","message":"grace leave-ground fall","data":{"name":"Square (11)","px":-1.09187436,"py":-1.72405076,"vx":0.148772,"vy":1.81494665,"spd":1.821034,"airTime":0.239999935,"moveIntent":0},"timestamp":1789129535270}
{"sessionId":"b47418","runId":"post-fix4","hypothesisId":"A","location":"Creep.cs:UpdateFallState","message":"grace leave-ground fall","data":{"name":"Square (31)","px":1.10089874,"py":-2.02531338,"vx":-0.976503849,"vy":0.74167943,"spd":1.22623336,"airTime":0.239999935,"moveIntent":0},"timestamp":1789129535349}
{"sessionId":"b47418","runId":"post-fix6","hypothesisId":"I","location":"Creep.cs:ApplyWalkBob","message":"walk bob","data":{"spd":0.864320457,"bob":3.80797173E-05,"angle":0.00317330984,"amount":0.265944779},"timestamp":1789129535447}
{"sessionId":"b47418","runId":"post-fix4","hypothesisId":"A","location":"Creep.cs:UpdateFallState","message":"grace leave-ground fall","data":{"name":"Square (7)","px":-1.20522463,"py":-2.24638224,"vx":-0.13676405,"vy":-1.10869277,"spd":1.1170963,"airTime":0.239999935,"moveIntent":0},"timestamp":1789129535448}
{"sessionId":"b47418","runId":"post-fix4","hypothesisId":"A","location":"Creep.cs:UpdateFallState","message":"grace leave-ground fall","data":{"name":"Square (27)","px":1.57353556,"py":-2.08822751,"vx":0.07651758,"vy":0.215695858,"spd":0.228866,"airTime":0.239999935,"moveIntent":0},"timestamp":1789129535510}
{"sessionId":"b47418","runId":"post-fix4","hypothesisId":"A","location":"Creep.cs:UpdateFallState","message":"grace leave-ground fall","data":{"name":"Square (10)","px":1.15426064,"py":-1.44049692,"vx":0.133496284,"vy":-1.42897534,"spd":1.43519747,"airTime":0.239999935,"moveIntent":0},"timestamp":1789129535575}
{"sessionId":"b47418","runId":"post-fix6","hypothesisId":"G","location":"CreepSwarmController.cs:FixedUpdate","message":"swarm state","data":{"alive":29,"falling":0,"joyX":-0.124699041,"joyY":0.992194653,"joyMag":1,"formScale":0.9272727,"tx":0.0180669054,"ty":-2.23626161,"groundMask":64},"timestamp":1789129535810}
{"sessionId":"b47418","runId":"post-fix6","hypothesisId":"I","location":"Creep.cs:ApplyWalkBob","message":"walk bob","data":{"spd":2.55020881,"bob":-0.0849666446,"angle":-7.08055353,"amount":0.784679651},"timestamp":1789129535969}
{"sessionId":"b47418","runId":"post-fix4","hypothesisId":"A","location":"Creep.cs:UpdateFallState","message":"grace leave-ground fall","data":{"name":"Square (4)","px":1.07445717,"py":-1.88634539,"vx":-0.353129685,"vy":1.13497615,"spd":1.18864274,"airTime":0.239999935,"moveIntent":0},"timestamp":1789129535992}
{"sessionId":"b47418","runId":"post-fix4","hypothesisId":"A","location":"Creep.cs:UpdateFallState","message":"grace leave-ground fall","data":{"name":"Square (25)","px":-1.25013745,"py":-1.93147326,"vx":-0.2452178,"vy":1.389826,"spd":1.41129315,"airTime":0.239999935,"moveIntent":0},"timestamp":1789129536028}
{"sessionId":"b47418","runId":"post-fix6","hypothesisId":"G","location":"CreepSwarmController.cs:FixedUpdate","message":"swarm state","data":{"alive":29,"falling":2,"joyX":0,"joyY":0,"joyMag":0,"formScale":0.9272727,"tx":-0.0127203781,"ty":-1.97809088,"groundMask":64},"timestamp":1789129536052}
{"sessionId":"b47418","runId":"post-fix4","hypothesisId":"A","location":"Creep.cs:UpdateFallState","message":"grace leave-ground fall","data":{"name":"Square (23)","px":1.24770939,"py":-2.24851179,"vx":0.507411957,"vy":0.3337835,"spd":0.607353568,"airTime":0.239999935,"moveIntent":0},"timestamp":1789129536148}
{"sessionId":"b47418","runId":"post-fix6","hypothesisId":"G","location":"CreepSwarmController.cs:FixedUpdate","message":"swarm state","data":{"alive":29,"falling":3,"joyX":0,"joyY":0,"joyMag":0,"formScale":0.9272727,"tx":-0.0127203781,"ty":-1.97809088,"groundMask":64},"timestamp":1789129536171}
{"sessionId":"b47418","runId":"post-fix4","hypothesisId":"A","location":"Creep.cs:UpdateFallState","message":"grace leave-ground fall","data":{"name":"Square (16)","px":-1.08919919,"py":-2.33484364,"vx":-0.2302041,"vy":0.4877584,"spd":0.5393535,"airTime":0.239999935,"moveIntent":0},"timestamp":1789129536272}
{"sessionId":"b47418","runId":"post-fix6","hypothesisId":"G","location":"CreepSwarmController.cs:FixedUpdate","message":"swarm state","data":{"alive":27,"falling":2,"joyX":0,"joyY":0,"joyMag":0,"formScale":0.9272727,"tx":-0.0127203781,"ty":-1.97809088,"groundMask":64},"timestamp":1789129536295}
{"sessionId":"b47418","runId":"post-fix6","hypothesisId":"G","location":"CreepSwarmController.cs:FixedUpdate","message":"swarm state","data":{"alive":26,"falling":1,"joyX":0,"joyY":0,"joyMag":0,"formScale":0.9272727,"tx":-0.0127203781,"ty":-1.97809088,"groundMask":64},"timestamp":1789129536408}
{"sessionId":"b47418","runId":"post-fix6","hypothesisId":"H","location":"Creep.cs:ApplyMovement","message":"careful edge stay","data":{"name":"Square (21)","risk":0.500266135,"moveIntent":0},"timestamp":1789129536409}
{"sessionId":"b47418","runId":"post-fix6","hypothesisId":"I","location":"Creep.cs:ApplyWalkBob","message":"walk bob","data":{"spd":0.304693162,"bob":-0.008742462,"angle":-0.7285385,"amount":0.09375174},"timestamp":1789129536491}
{"sessionId":"b47418","runId":"post-fix6","hypothesisId":"G","location":"CreepSwarmController.cs:FixedUpdate","message":"swarm state","data":{"alive":25,"falling":0,"joyX":0,"joyY":0,"joyMag":0,"formScale":0.9272727,"tx":-0.0127203781,"ty":-1.97809088,"groundMask":64},"timestamp":1789129536530}
{"sessionId":"b47418","runId":"post-fix6","hypothesisId":"G","location":"CreepSwarmController.cs:FixedUpdate","message":"swarm state","data":{"alive":25,"falling":0,"joyX":0,"joyY":0,"joyMag":0,"formScale":0.9272727,"tx":-0.0127203781,"ty":-1.97809088,"groundMask":64},"timestamp":1789129536648}
{"sessionId":"b47418","runId":"post-fix4","hypothesisId":"A","location":"Creep.cs:UpdateFallState","message":"grace leave-ground fall","data":{"name":"Square (9)","px":1.0802002,"py":-2.119597,"vx":-0.844579935,"vy":1.178947,"spd":1.45025218,"airTime":0.239999935,"moveIntent":0},"timestamp":1789129536768}
{"sessionId":"b47418","runId":"post-fix4","hypothesisId":"A","location":"Creep.cs:UpdateFallState","message":"grace leave-ground fall","data":{"name":"Square (29)","px":-1.00858843,"py":-2.26111674,"vx":-0.0222890377,"vy":0.0194108486,"spd":0.0295564253,"airTime":0.239999935,"moveIntent":0},"timestamp":1789129536913}
{"sessionId":"b47418","runId":"post-fix6","hypothesisId":"H","location":"Creep.cs:ApplyMovement","message":"careful edge stay","data":{"name":"Square (21)","risk":0.419121981,"moveIntent":0},"timestamp":1789129536930}
{"sessionId":"b47418","runId":"post-fix6","hypothesisId":"H","location":"Creep.cs:ApplyMovement","message":"careful edge stay","data":{"name":"Square (14)","risk":0.3723461,"moveIntent":0},"timestamp":1789129536930}
{"sessionId":"b47418","runId":"post-fix6","hypothesisId":"G","location":"CreepSwarmController.cs:FixedUpdate","message":"swarm state","data":{"alive":24,"falling":1,"joyX":0,"joyY":0,"joyMag":0,"formScale":0.9272727,"tx":-0.0127203781,"ty":-1.97809088,"groundMask":64},"timestamp":1789129536989}
{"sessionId":"b47418","runId":"post-fix6","hypothesisId":"I","location":"Creep.cs:ApplyWalkBob","message":"walk bob","data":{"spd":0.252758652,"bob":0.00513061136,"angle":0.427550972,"amount":0.0777718946},"timestamp":1789129537192}
{"sessionId":"b47418","runId":"post-fix6","hypothesisId":"G","location":"CreepSwarmController.cs:FixedUpdate","message":"swarm state","data":{"alive":23,"falling":0,"joyX":-0.03654968,"joyY":-0.499745041,"joyMag":0.5010798,"formScale":0.9272727,"tx":-0.0222232919,"ty":-2.14210725,"groundMask":64},"timestamp":1789129537233}
{"sessionId":"b47418","runId":"post-fix6","hypothesisId":"G","location":"CreepSwarmController.cs:FixedUpdate","message":"swarm state","data":{"alive":23,"falling":0,"joyX":-0.018275205,"joyY":-0.7738668,"joyMag":0.774082541,"formScale":1,"tx":-0.0412293,"ty":-2.68633032,"groundMask":64},"timestamp":1789129537351}
{"sessionId":"b47418","runId":"post-fix4","hypothesisId":"A","location":"Creep.cs:UpdateFallState","message":"grace leave-ground fall","data":{"name":"Square (21)","px":-1.09526694,"py":-2.02522135,"vx":-0.4006102,"vy":-3.15845227,"spd":3.183757,"airTime":0.239999935,"moveIntent":0.8288921},"timestamp":1789129537393}
{"sessionId":"b47418","runId":"post-fix6","hypothesisId":"G","location":"CreepSwarmController.cs:FixedUpdate","message":"swarm state","data":{"alive":23,"falling":1,"joyX":0.0559766442,"joyY":-0.99843204,"joyMag":0.99999994,"formScale":1,"tx":-0.03661906,"ty":-3.388907,"groundMask":64},"timestamp":1789129537473}
{"sessionId":"b47418","runId":"post-fix4","hypothesisId":"A","location":"Creep.cs:UpdateFallState","message":"grace leave-ground fall","data":{"name":"Square (14)","px":1.03871286,"py":-2.20066524,"vx":0.223825216,"vy":-4.667022,"spd":4.672386,"airTime":0.239999935,"moveIntent":0.99999994},"timestamp":1789129537492}
{"sessionId":"b47418","runId":"post-fix6","hypothesisId":"I","location":"Creep.cs:ApplyWalkBob","message":"walk bob","data":{"spd":4.09999943,"bob":-0.0621402226,"angle":-5.178352,"amount":1},"timestamp":1789129537708}
{"sessionId":"b47418","runId":"post-fix6","hypothesisId":"G","location":"CreepSwarmController.cs:FixedUpdate","message":"swarm state","data":{"alive":21,"falling":0,"joyX":0.964975357,"joyY":0.262340546,"joyMag":1,"formScale":1,"tx":1.87823963,"ty":-6.86303425,"groundMask":64},"timestamp":1789129538209}
{"sessionId":"b47418","runId":"post-fix6","hypothesisId":"I","location":"Creep.cs:ApplyWalkBob","message":"walk bob","data":{"spd":4.1,"bob":-0.119401805,"angle":-9.95015049,"amount":1},"timestamp":1789129538228}
{"sessionId":"b47418","runId":"post-fix6","hypothesisId":"I","location":"Creep.cs:ApplyWalkBob","message":"walk bob","data":{"spd":0.38203904,"bob":-0.004764485,"angle":-0.397040427,"amount":0.117550477},"timestamp":1789129538751}
{"sessionId":"b47418","runId":"post-fix6","hypothesisId":"I","location":"Creep.cs:ApplyWalkBob","message":"walk bob","data":{"spd":2.56737018,"bob":0.06679076,"angle":5.56589651,"amount":0.7899601},"timestamp":1789129539270}
{"sessionId":"b47418","runId":"post-fix6","hypothesisId":"G","location":"CreepSwarmController.cs:FixedUpdate","message":"swarm state","data":{"alive":21,"falling":0,"joyX":-0.9979657,"joyY":0.06375307,"joyMag":1,"formScale":1,"tx":1.15725529,"ty":-5.984059,"groundMask":64},"timestamp":1789129539390}
{"sessionId":"b47418","runId":"post-fix6","hypothesisId":"I","location":"Creep.cs:ApplyWalkBob","message":"walk bob","data":{"spd":2.798707,"bob":0.09750947,"angle":8.12579,"amount":0.861140668},"timestamp":1789129539790}
{"sessionId":"b47418","runId":"post-fix6","hypothesisId":"G","location":"CreepSwarmController.cs:FixedUpdate","message":"swarm state","data":{"alive":21,"falling":0,"joyX":0.9995572,"joyY":0.0297571812,"joyMag":1,"formScale":1,"tx":0.970225,"ty":-6.14100647,"groundMask":64},"timestamp":1789129539893}
{"sessionId":"b47418","runId":"post-fix6","hypothesisId":"G","location":"CreepSwarmController.cs:FixedUpdate","message":"swarm state","data":{"alive":21,"falling":0,"joyX":0.9982592,"joyY":-0.0589791052,"joyMag":0.99999994,"formScale":1,"tx":0.774364769,"ty":-6.18525362,"groundMask":64},"timestamp":1789129540269}
{"sessionId":"b47418","runId":"post-fix6","hypothesisId":"I","location":"Creep.cs:ApplyWalkBob","message":"walk bob","data":{"spd":0.265375,"bob":0.00104639109,"angle":0.0871992558,"amount":0.08165385},"timestamp":1789129540307}
{"sessionId":"b47418","runId":"post-fix6","hypothesisId":"I","location":"Creep.cs:ApplyWalkBob","message":"walk bob","data":{"spd":4.089192,"bob":-0.102213547,"angle":-8.517796,"amount":1},"timestamp":1789129540830}
{"sessionId":"b47418","runId":"post-fix6","hypothesisId":"G","location":"CreepSwarmController.cs:FixedUpdate","message":"swarm state","data":{"alive":21,"falling":0,"joyX":0,"joyY":0,"joyMag":0,"formScale":1,"tx":1.12907016,"ty":-3.97997856,"groundMask":64},"timestamp":1789129540992}
{"sessionId":"b47418","runId":"post-fix4","hypothesisId":"A","location":"Creep.cs:UpdateFallState","message":"grace leave-ground fall","data":{"name":"Square (5)","px":1.53985238,"py":-2.00233746,"vx":-1.20717335,"vy":-0.762539,"spd":1.42784214,"airTime":0.239999935,"moveIntent":0.99999994},"timestamp":1789129541152}
{"sessionId":"b47418","runId":"post-fix6","hypothesisId":"I","location":"Creep.cs:ApplyWalkBob","message":"walk bob","data":{"spd":4.1,"bob":-0.100706689,"angle":-8.392224,"amount":1},"timestamp":1789129541351}
{"sessionId":"b47418","runId":"post-fix6","hypothesisId":"G","location":"CreepSwarmController.cs:FixedUpdate","message":"swarm state","data":{"alive":20,"falling":0,"joyX":0,"joyY":0,"joyMag":0,"formScale":1,"tx":-0.490106642,"ty":-5.079143,"groundMask":64},"timestamp":1789129541493}
{"sessionId":"b47418","runId":"post-fix6","hypothesisId":"I","location":"Creep.cs:ApplyWalkBob","message":"walk bob","data":{"spd":0.1060315,"bob":0.0005095237,"angle":0.04246031,"amount":0.03262508},"timestamp":1789129541868}
{"sessionId":"b47418","runId":"post-fix6","hypothesisId":"I","location":"Creep.cs:ApplyWalkBob","message":"walk bob","data":{"spd":2.99633217,"bob":0.0530495942,"angle":4.42079973,"amount":0.9219484},"timestamp":1789129542709}
{"sessionId":"b47418","runId":"post-fix6","hypothesisId":"G","location":"CreepSwarmController.cs:FixedUpdate","message":"swarm state","data":{"alive":20,"falling":0,"joyX":-0.99957937,"joyY":0.0290031824,"joyMag":1,"formScale":1,"tx":0.7864673,"ty":-5.20888,"groundMask":64},"timestamp":1789129542829}
{"sessionId":"b47418","runId":"post-fix6","hypothesisId":"G","location":"CreepSwarmController.cs:FixedUpdate","message":"swarm state","data":{"alive":20,"falling":0,"joyX":0.6578918,"joyY":0.413993746,"joyMag":0.777311,"formScale":1,"tx":0.706412,"ty":-5.08248568,"groundMask":64},"timestamp":1789129542951}
{"sessionId":"b47418","runId":"post-fix6","hypothesisId":"I","location":"Creep.cs:ApplyWalkBob","message":"walk bob","data":{"spd":0.2921934,"bob":0.01077197,"angle":0.897664249,"amount":0.08990567},"timestamp":1789129543231}
{"sessionId":"b47418","runId":"post-fix6","hypothesisId":"G","location":"CreepSwarmController.cs:FixedUpdate","message":"swarm state","data":{"alive":20,"falling":0,"joyX":0,"joyY":0,"joyMag":0,"formScale":1,"tx":1.04851556,"ty":-4.91316938,"groundMask":64},"timestamp":1789129543452}
{"sessionId":"b47418","runId":"post-fix6","hypothesisId":"G","location":"CreepSwarmController.cs:FixedUpdate","message":"swarm state","data":{"alive":20,"falling":0,"joyX":0,"joyY":0,"joyMag":0,"formScale":1,"tx":1.04851556,"ty":-4.91316938,"groundMask":64},"timestamp":1789129543689}
{"sessionId":"b47418","runId":"post-fix6","hypothesisId":"I","location":"Creep.cs:ApplyWalkBob","message":"walk bob","data":{"spd":0.111931294,"bob":0.00156641973,"angle":0.130534977,"amount":0.0344404},"timestamp":1789129543748}
{"sessionId":"b47418","runId":"post-fix6","hypothesisId":"G","location":"CreepSwarmController.cs:FixedUpdate","message":"swarm state","data":{"alive":20,"falling":0,"joyX":0,"joyY":0,"joyMag":0,"formScale":1,"tx":1.04851556,"ty":-4.91316938,"groundMask":64},"timestamp":1789129543928}
{"sessionId":"b47418","runId":"post-fix6","hypothesisId":"G","location":"CreepSwarmController.cs:FixedUpdate","message":"swarm state","data":{"alive":20,"falling":0,"joyX":0,"joyY":0,"joyMag":0,"formScale":1,"tx":1.04851556,"ty":-4.91316938,"groundMask":64},"timestamp":1789129544190}
{"sessionId":"b47418","runId":"post-fix6","hypothesisId":"G","location":"CreepSwarmController.cs:FixedUpdate","message":"swarm state","data":{"alive":20,"falling":0,"joyX":0,"joyY":0,"joyMag":0,"formScale":1,"tx":1.04851556,"ty":-4.91316938,"groundMask":64},"timestamp":1789129544427}
{"sessionId":"b47418","runId":"post-fix4","hypothesisId":"G","location":"CreepSwarmController.cs:EnsureGroundMaskFromCreeps","message":"copied ground mask from creep","data":{"groundMask":64},"timestamp":1789129693248}
{"sessionId":"b47418","runId":"post-fix6","hypothesisId":"I","location":"Creep.cs:ApplyWalkBob","message":"walk bob","data":{"spd":3.93748784,"bob":-0.08825759,"angle":-7.354799,"amount":1},"timestamp":1789129696384}
{"sessionId":"b47418","runId":"post-fix6","hypothesisId":"G","location":"CreepSwarmController.cs:FixedUpdate","message":"swarm state","data":{"alive":34,"falling":0,"joyX":0,"joyY":0,"joyMag":0,"formScale":1,"tx":0.111194275,"ty":-5.393454,"groundMask":64},"timestamp":1789129696679}
{"sessionId":"b47418","runId":"post-fix6","hypothesisId":"I","location":"Creep.cs:ApplyWalkBob","message":"walk bob","data":{"spd":1.98018384,"bob":-0.06784576,"angle":-5.653814,"amount":0.6092874},"timestamp":1789129696899}
{"sessionId":"b47418","runId":"post-fix6","hypothesisId":"G","location":"CreepSwarmController.cs:FixedUpdate","message":"swarm state","data":{"alive":34,"falling":0,"joyX":0,"joyY":0,"joyMag":0,"formScale":1,"tx":0.111194275,"ty":-5.393454,"groundMask":64},"timestamp":1789129697160}
{"sessionId":"b47418","runId":"post-fix6","hypothesisId":"I","location":"Creep.cs:ApplyWalkBob","message":"walk bob","data":{"spd":0.494562536,"bob":-0.00113997748,"angle":-0.09499812,"amount":0.152173087},"timestamp":1789129697422}
{"sessionId":"b47418","runId":"post-fix6","hypothesisId":"G","location":"CreepSwarmController.cs:FixedUpdate","message":"swarm state","data":{"alive":34,"falling":0,"joyX":0,"joyY":0,"joyMag":0,"formScale":1,"tx":0.111194275,"ty":-5.393454,"groundMask":64},"timestamp":1789129697823}
{"sessionId":"b47418","runId":"post-fix6","hypothesisId":"I","location":"Creep.cs:ApplyWalkBob","message":"walk bob","data":{"spd":1.85418582,"bob":0.0598537438,"angle":4.987812,"amount":0.570518732},"timestamp":1789129697940}
{"sessionId":"b47418","runId":"post-fix6","hypothesisId":"G","location":"CreepSwarmController.cs:FixedUpdate","message":"swarm state","data":{"alive":34,"falling":0,"joyX":0,"joyY":0,"joyMag":0,"formScale":1,"tx":0.111194275,"ty":-5.393454,"groundMask":64},"timestamp":1789129698162}
{"sessionId":"b47418","runId":"post-fix6","hypothesisId":"G","location":"CreepSwarmController.cs:FixedUpdate","message":"swarm state","data":{"alive":34,"falling":0,"joyX":0,"joyY":0,"joyMag":0,"formScale":1,"tx":0.111194275,"ty":-5.393454,"groundMask":64},"timestamp":1789129698382}
{"sessionId":"b47418","runId":"post-fix6","hypothesisId":"I","location":"Creep.cs:ApplyWalkBob","message":"walk bob","data":{"spd":0.196361735,"bob":0.00590300653,"angle":0.491917253,"amount":0.060418997},"timestamp":1789129698463}
{"sessionId":"b47418","runId":"post-fix6","hypothesisId":"G","location":"CreepSwarmController.cs:FixedUpdate","message":"swarm state","data":{"alive":34,"falling":0,"joyX":0,"joyY":0,"joyMag":0,"formScale":1,"tx":0.111194275,"ty":-5.393454,"groundMask":64},"timestamp":1789129698599}
{"sessionId":"b47418","runId":"post-fix6","hypothesisId":"G","location":"CreepSwarmController.cs:FixedUpdate","message":"swarm state","data":{"alive":34,"falling":0,"joyX":0,"joyY":0,"joyMag":0,"formScale":1,"tx":0.111194275,"ty":-5.393454,"groundMask":64},"timestamp":1789129698822}
{"sessionId":"b47418","runId":"post-fix6","hypothesisId":"I","location":"Creep.cs:ApplyWalkBob","message":"walk bob","data":{"spd":0.121945351,"bob":0.001178994,"angle":0.0982495,"amount":0.03752165},"timestamp":1789129699000}
{"sessionId":"b47418","runId":"post-fix6","hypothesisId":"G","location":"CreepSwarmController.cs:FixedUpdate","message":"swarm state","data":{"alive":34,"falling":0,"joyX":0,"joyY":0,"joyMag":0,"formScale":1,"tx":0.111194275,"ty":-5.393454,"groundMask":64},"timestamp":1789129699040}
{"sessionId":"b47418","runId":"post-fix6","hypothesisId":"G","location":"CreepSwarmController.cs:FixedUpdate","message":"swarm state","data":{"alive":34,"falling":0,"joyX":0,"joyY":0,"joyMag":0,"formScale":1,"tx":0.111194275,"ty":-5.393454,"groundMask":64},"timestamp":1789129699760}
{"sessionId":"b47418","runId":"post-fix6","hypothesisId":"G","location":"CreepSwarmController.cs:FixedUpdate","message":"swarm state","data":{"alive":34,"falling":0,"joyX":0,"joyY":0,"joyMag":0,"formScale":1,"tx":0.111194275,"ty":-5.393454,"groundMask":64},"timestamp":1789129700440}
{"sessionId":"b47418","runId":"post-fix6","hypothesisId":"G","location":"CreepSwarmController.cs:FixedUpdate","message":"swarm state","data":{"alive":34,"falling":0,"joyX":0,"joyY":0,"joyMag":0,"formScale":1,"tx":0.111194275,"ty":-5.393454,"groundMask":64},"timestamp":1789129700778}
{"sessionId":"b47418","runId":"post-fix6","hypothesisId":"G","location":"CreepSwarmController.cs:FixedUpdate","message":"swarm state","data":{"alive":34,"falling":0,"joyX":0,"joyY":0,"joyMag":0,"formScale":1,"tx":0.111194275,"ty":-5.393454,"groundMask":64},"timestamp":1789129701241}
{"sessionId":"b47418","runId":"post-fix6","hypothesisId":"G","location":"CreepSwarmController.cs:FixedUpdate","message":"swarm state","data":{"alive":34,"falling":0,"joyX":0,"joyY":0,"joyMag":0,"formScale":1,"tx":0.111194275,"ty":-5.393454,"groundMask":64},"timestamp":1789129701360}
{"sessionId":"b47418","runId":"post-fix6","hypothesisId":"G","location":"CreepSwarmController.cs:FixedUpdate","message":"swarm state","data":{"alive":34,"falling":0,"joyX":0,"joyY":0,"joyMag":0,"formScale":1,"tx":-0.187099546,"ty":-5.05722952,"groundMask":64},"timestamp":1789129701943}
{"sessionId":"b47418","runId":"post-fix6","hypothesisId":"G","location":"CreepSwarmController.cs:FixedUpdate","message":"swarm state","data":{"alive":34,"falling":0,"joyX":0,"joyY":0,"joyMag":0,"formScale":1,"tx":-0.187099546,"ty":-5.05722952,"groundMask":64},"timestamp":1789129702061}
{"sessionId":"b47418","runId":"post-fix6","hypothesisId":"I","location":"Creep.cs:ApplyWalkBob","message":"walk bob","data":{"spd":0.1396311,"bob":0.00117470522,"angle":0.0978921056,"amount":0.04296342},"timestamp":1789129702142}
{"sessionId":"b47418","runId":"post-fix6","hypothesisId":"G","location":"CreepSwarmController.cs:FixedUpdate","message":"swarm state","data":{"alive":34,"falling":0,"joyX":0,"joyY":0,"joyMag":0,"formScale":1,"tx":-0.490705967,"ty":-4.460388,"groundMask":64},"timestamp":1789129702523}
{"sessionId":"b47418","runId":"post-fix6","hypothesisId":"G","location":"CreepSwarmController.cs:FixedUpdate","message":"swarm state","data":{"alive":34,"falling":0,"joyX":0,"joyY":0,"joyMag":0,"formScale":1,"tx":-0.490705967,"ty":-4.460388,"groundMask":64},"timestamp":1789129702642}
{"sessionId":"b47418","runId":"post-fix6","hypothesisId":"I","location":"Creep.cs:ApplyWalkBob","message":"walk bob","data":{"spd":0.2065188,"bob":-0.00595648028,"angle":-0.496373355,"amount":0.06354425},"timestamp":1789129702661}
{"sessionId":"b47418","runId":"post-fix6","hypothesisId":"G","location":"CreepSwarmController.cs:FixedUpdate","message":"swarm state","data":{"alive":34,"falling":0,"joyX":0,"joyY":0,"joyMag":0,"formScale":1,"tx":-0.490705967,"ty":-4.460388,"groundMask":64},"timestamp":1789129702763}
{"sessionId":"b47418","runId":"post-fix6","hypothesisId":"G","location":"CreepSwarmController.cs:FixedUpdate","message":"swarm state","data":{"alive":34,"falling":0,"joyX":0.146197751,"joyY":-0.0611498244,"joyMag":0.158471078,"formScale":1,"tx":-0.4313131,"ty":-4.52937555,"groundMask":64},"timestamp":1789129703099}
{"sessionId":"b47418","runId":"post-fix6","hypothesisId":"G","location":"CreepSwarmController.cs:FixedUpdate","message":"swarm state","data":{"alive":34,"falling":0,"joyX":0,"joyY":0,"joyMag":0,"formScale":1,"tx":-0.3172786,"ty":-4.38929939,"groundMask":64},"timestamp":1789129703219}
{"sessionId":"b47418","runId":"post-fix6","hypothesisId":"I","location":"Creep.cs:ApplyWalkBob","message":"walk bob","data":{"spd":0.38657558,"bob":0.008259911,"angle":0.688325942,"amount":0.118946336},"timestamp":1789129703302}
{"sessionId":"b47418","runId":"post-fix6","hypothesisId":"G","location":"CreepSwarmController.cs:FixedUpdate","message":"swarm state","data":{"alive":34,"falling":0,"joyX":0,"joyY":0,"joyMag":0,"formScale":1,"tx":-0.3172786,"ty":-4.38929939,"groundMask":64},"timestamp":1789129703563}
{"sessionId":"b47418","runId":"post-fix6","hypothesisId":"G","location":"CreepSwarmController.cs:FixedUpdate","message":"swarm state","data":{"alive":34,"falling":0,"joyX":0,"joyY":0,"joyMag":0,"formScale":1,"tx":-0.128023475,"ty":-3.38474536,"groundMask":64},"timestamp":1789129704021}
{"sessionId":"b47418","runId":"post-fix6","hypothesisId":"I","location":"Creep.cs:ApplyWalkBob","message":"walk bob","data":{"spd":3.43816876,"bob":-0.111366421,"angle":-9.280536,"amount":1},"timestamp":1789129704040}
{"sessionId":"b47418","runId":"post-fix6","hypothesisId":"G","location":"CreepSwarmController.cs:FixedUpdate","message":"swarm state","data":{"alive":34,"falling":0,"joyX":0,"joyY":0,"joyMag":0,"formScale":1,"tx":-0.128023475,"ty":-3.38474536,"groundMask":64},"timestamp":1789129704142}
{"sessionId":"b47418","runId":"post-fix4","hypothesisId":"A","location":"Creep.cs:UpdateFallState","message":"grace leave-ground fall","data":{"name":"Square (11)","px":-1.22848868,"py":-2.24813151,"vx":0.420205474,"vy":-1.46324658,"spd":1.52238739,"airTime":0.239999935,"moveIntent":0},"timestamp":1789129704281}
{"sessionId":"b47418","runId":"post-fix4","hypothesisId":"A","location":"Creep.cs:UpdateFallState","message":"grace leave-ground fall","data":{"name":"Square (31)","px":1.17618024,"py":-2.3267355,"vx":-0.23341012,"vy":-0.5171666,"spd":0.567398965,"airTime":0.239999935,"moveIntent":0},"timestamp":1789129704419}
{"sessionId":"b47418","runId":"post-fix6","hypothesisId":"G","location":"CreepSwarmController.cs:FixedUpdate","message":"swarm state","data":{"alive":33,"falling":1,"joyX":0,"joyY":0,"joyMag":0,"formScale":1,"tx":-0.128023475,"ty":-3.38474536,"groundMask":64},"timestamp":1789129704481}
{"sessionId":"b47418","runId":"post-fix6","hypothesisId":"I","location":"Creep.cs:ApplyWalkBob","message":"walk bob","data":{"spd":1.63701975,"bob":-0.0037914936,"angle":-0.3159578,"amount":0.5036984},"timestamp":1789129704562}
{"sessionId":"b47418","runId":"post-fix6","hypothesisId":"G","location":"CreepSwarmController.cs:FixedUpdate","message":"swarm state","data":{"alive":33,"falling":1,"joyX":0,"joyY":0,"joyMag":0,"formScale":1,"tx":-0.128023475,"ty":-3.38474536,"groundMask":64},"timestamp":1789129704602}
{"sessionId":"b47418","runId":"post-fix6","hypothesisId":"G","location":"CreepSwarmController.cs:FixedUpdate","message":"swarm state","data":{"alive":32,"falling":0,"joyX":0,"joyY":0,"joyMag":0,"formScale":1,"tx":-0.128023475,"ty":-3.38474536,"groundMask":64},"timestamp":1789129704722}
{"sessionId":"b47418","runId":"post-fix6","hypothesisId":"G","location":"CreepSwarmController.cs:FixedUpdate","message":"swarm state","data":{"alive":32,"falling":0,"joyX":-0.018275205,"joyY":-0.9748891,"joyMag":0.9750604,"formScale":1,"tx":-0.132775038,"ty":-3.63821626,"groundMask":64},"timestamp":1789129704939}
{"sessionId":"b47418","runId":"post-fix6","hypothesisId":"I","location":"Creep.cs:ApplyWalkBob","message":"walk bob","data":{"spd":3.41381836,"bob":0.104892246,"angle":8.74102,"amount":1},"timestamp":1789129705081}
{"sessionId":"b47418","runId":"post-fix6","hypothesisId":"I","location":"Creep.cs:ApplyWalkBob","message":"walk bob","data":{"spd":1.46427763,"bob":0.04402888,"angle":3.669073,"amount":0.45054698},"timestamp":1789129705600}
{"sessionId":"b47418","runId":"post-fix6","hypothesisId":"G","location":"CreepSwarmController.cs:FixedUpdate","message":"swarm state","data":{"alive":32,"falling":0,"joyX":0,"joyY":0,"joyMag":0,"formScale":1,"tx":-0.158908218,"ty":-4.231507,"groundMask":64},"timestamp":1789129705721}
{"sessionId":"b47418","runId":"post-fix6","hypothesisId":"G","location":"CreepSwarmController.cs:FixedUpdate","message":"swarm state","data":{"alive":32,"falling":0,"joyX":0,"joyY":0,"joyMag":0,"formScale":1,"tx":-0.158908218,"ty":-4.231507,"groundMask":64},"timestamp":1789129705860}
{"sessionId":"b47418","runId":"post-fix6","hypothesisId":"G","location":"CreepSwarmController.cs:FixedUpdate","message":"swarm state","data":{"alive":32,"falling":0,"joyX":0.0245787911,"joyY":-0.9996979,"joyMag":1,"formScale":1,"tx":-0.194430068,"ty":-5.145132,"groundMask":64},"timestamp":1789129706121}
{"sessionId":"b47418","runId":"post-fix6","hypothesisId":"I","location":"Creep.cs:ApplyWalkBob","message":"walk bob","data":{"spd":4.1,"bob":0.07778659,"angle":6.4822154,"amount":1},"timestamp":1789129706164}
{"sessionId":"b47418","runId":"post-fix6","hypothesisId":"G","location":"CreepSwarmController.cs:FixedUpdate","message":"swarm state","data":{"alive":32,"falling":0,"joyX":0,"joyY":0,"joyMag":0,"formScale":1,"tx":-0.178986147,"ty":-5.534797,"groundMask":64},"timestamp":1789129706502}
{"sessionId":"b47418","runId":"post-fix6","hypothesisId":"I","location":"Creep.cs:ApplyWalkBob","message":"walk bob","data":{"spd":0.505006552,"bob":-0.00762235466,"angle":-0.635196269,"amount":0.155386642},"timestamp":1789129706678}
{"sessionId":"b47418","runId":"post-fix6","hypothesisId":"I","location":"Creep.cs:ApplyWalkBob","message":"walk bob","data":{"spd":0.310954064,"bob":-0.0114782676,"angle":-0.956522346,"amount":0.09567818},"timestamp":1789129707203}
{"sessionId":"b47418","runId":"post-fix6","hypothesisId":"G","location":"CreepSwarmController.cs:FixedUpdate","message":"swarm state","data":{"alive":32,"falling":0,"joyX":0,"joyY":0,"joyMag":0,"formScale":1,"tx":0.04967863,"ty":-4.940403,"groundMask":64},"timestamp":1789129707538}
{"sessionId":"b47418","runId":"post-fix6","hypothesisId":"I","location":"Creep.cs:ApplyWalkBob","message":"walk bob","data":{"spd":1.46607828,"bob":-0.024405567,"angle":-2.03379726,"amount":0.451101035},"timestamp":1789129707724}
{"sessionId":"b47418","runId":"post-fix6","hypothesisId":"G","location":"CreepSwarmController.cs:FixedUpdate","message":"swarm state","data":{"alive":32,"falling":0,"joyX":0.310670972,"joyY":0.4688181,"joyMag":0.562411666,"formScale":1,"tx":0.5509554,"ty":-4.890695,"groundMask":64},"timestamp":1789129707781}
{"sessionId":"b47418","runId":"post-fix6","hypothesisId":"G","location":"CreepSwarmController.cs:FixedUpdate","message":"swarm state","data":{"alive":32,"falling":0,"joyX":0,"joyY":0,"joyMag":0,"formScale":1,"tx":0.598306835,"ty":-4.293475,"groundMask":64},"timestamp":1789129708165}
{"sessionId":"b47418","runId":"post-fix6","hypothesisId":"I","location":"Creep.cs:ApplyWalkBob","message":"walk bob","data":{"spd":0.4478131,"bob":0.0101200053,"angle":0.8433338,"amount":0.137788653},"timestamp":1789129708239}
{"sessionId":"b47418","runId":"post-fix6","hypothesisId":"I","location":"Creep.cs:ApplyWalkBob","message":"walk bob","data":{"spd":2.894956,"bob":0.104446732,"angle":8.703895,"amount":0.8907558},"timestamp":1789129708762}
{"sessionId":"b47418","runId":"post-fix6","hypothesisId":"G","location":"CreepSwarmController.cs:FixedUpdate","message":"swarm state","data":{"alive":32,"falling":0,"joyX":-0.5626279,"joyY":-0.8267102,"joyMag":1,"formScale":1,"tx":-0.0451537035,"ty":-6.757916,"groundMask":64},"timestamp":1789129709119}
{"sessionId":"b47418","runId":"post-fix6","hypothesisId":"G","location":"CreepSwarmController.cs:FixedUpdate","message":"swarm state","data":{"alive":32,"falling":0,"joyX":0.621341944,"joyY":0.322619677,"joyMag":0.7001066,"formScale":1,"tx":0.0347653441,"ty":-7.24350929,"groundMask":64},"timestamp":1789129709240}
{"sessionId":"b47418","runId":"post-fix6","hypothesisId":"I","location":"Creep.cs:ApplyWalkBob","message":"walk bob","data":{"spd":2.7549603,"bob":0.0232077762,"angle":1.9339813,"amount":0.847680151},"timestamp":1789129709284}
{"sessionId":"b47418","runId":"post-fix6","hypothesisId":"G","location":"CreepSwarmController.cs:FixedUpdate","message":"swarm state","data":{"alive":32,"falling":0,"joyX":-0.4450569,"joyY":0.8955023,"joyMag":1,"formScale":1,"tx":-0.05352251,"ty":-6.498729,"groundMask":64},"timestamp":1789129709364}
{"sessionId":"b47418","runId":"post-fix6","hypothesisId":"I","location":"Creep.cs:ApplyWalkBob","message":"walk bob","data":{"spd":3.69470882,"bob":-0.09371443,"angle":-7.809536,"amount":1},"timestamp":1789129709800}
{"sessionId":"b47418","runId":"post-fix6","hypothesisId":"I","location":"Creep.cs:ApplyWalkBob","message":"walk bob","data":{"spd":1.86825824,"bob":-0.0620615073,"angle":-5.17179251,"amount":0.5748487},"timestamp":1789129710322}
{"sessionId":"b47418","runId":"post-fix6","hypothesisId":"G","location":"CreepSwarmController.cs:FixedUpdate","message":"swarm state","data":{"alive":32,"falling":0,"joyX":0.0182744749,"joyY":-0.956614,"joyMag":0.95678854,"formScale":1,"tx":-2.483532,"ty":-6.91704369,"groundMask":64},"timestamp":1789129710701}
{"sessionId":"b47418","runId":"post-fix6","hypothesisId":"G","location":"CreepSwarmController.cs:FixedUpdate","message":"swarm state","data":{"alive":32,"falling":0,"joyX":0.493418664,"joyY":0.6150165,"joyMag":0.788484156,"formScale":1,"tx":-2.274469,"ty":-7.04313946,"groundMask":64},"timestamp":1789129710822}
{"sessionId":"b47418","runId":"post-fix6","hypothesisId":"I","location":"Creep.cs:ApplyWalkBob","message":"walk bob","data":{"spd":3.97694135,"bob":0.000883833447,"angle":0.07365279,"amount":1},"timestamp":1789129710841}
{"sessionId":"b47418","runId":"post-fix6","hypothesisId":"G","location":"CreepSwarmController.cs:FixedUpdate","message":"swarm state","data":{"alive":32,"falling":0,"joyX":0.483915418,"joyY":0.875114739,"joyMag":0.99999994,"formScale":1,"tx":-1.88020325,"ty":-6.37041426,"groundMask":64},"timestamp":1789129710942}
{"sessionId":"b47418","runId":"post-fix6","hypothesisId":"G","location":"CreepSwarmController.cs:FixedUpdate","message":"swarm state","data":{"alive":32,"falling":0,"joyX":0.5058857,"joyY":0.8626005,"joyMag":1,"formScale":1,"tx":-1.48951924,"ty":-5.69533443,"groundMask":64},"timestamp":1789129711064}
{"sessionId":"b47418","runId":"post-fix6","hypothesisId":"G","location":"CreepSwarmController.cs:FixedUpdate","message":"swarm state","data":{"alive":32,"falling":0,"joyX":0.4956949,"joyY":0.8684967,"joyMag":1,"formScale":1,"tx":-1.10022879,"ty":-5.0194335,"groundMask":64},"timestamp":1789129711179}
{"sessionId":"b47418","runId":"post-fix6","hypothesisId":"I","location":"Creep.cs:ApplyWalkBob","message":"walk bob","data":{"spd":3.36876035,"bob":0.108718306,"angle":9.059859,"amount":1},"timestamp":1789129711363}
{"sessionId":"b47418","runId":"post-fix6","hypothesisId":"G","location":"CreepSwarmController.cs:FixedUpdate","message":"swarm state","data":{"alive":32,"falling":0,"joyX":0.490295619,"joyY":0.871556163,"joyMag":0.99999994,"formScale":1,"tx":-0.3959313,"ty":-3.774911,"groundMask":64},"timestamp":1789129711403}
{"sessionId":"b47418","runId":"post-fix4","hypothesisId":"A","location":"Creep.cs:UpdateFallState","message":"grace leave-ground fall","data":{"name":"Square (30)","px":-1.42684841,"py":-1.87103176,"vx":-5.448647,"vy":1.11306989,"spd":5.561176,"airTime":0.239999935,"moveIntent":0.99999994},"timestamp":1789129711865}
{"sessionId":"b47418","runId":"post-fix6","hypothesisId":"I","location":"Creep.cs:ApplyWalkBob","message":"walk bob","data":{"spd":4.1,"bob":0.09260256,"angle":7.71688,"amount":1},"timestamp":1789129711884}
{"sessionId":"b47418","runId":"post-fix4","hypothesisId":"A","location":"Creep.cs:UpdateFallState","message":"grace leave-ground fall","data":{"name":"Square (26)","px":-2.17493486,"py":-2.20763874,"vx":-5.209218,"vy":2.3381846,"spd":5.709909,"airTime":0.239999935,"moveIntent":1},"timestamp":1789129712042}
{"sessionId":"b47418","runId":"post-fix4","hypothesisId":"A","location":"Creep.cs:UpdateFallState","message":"grace leave-ground fall","data":{"name":"Square (7)","px":-3.743335,"py":-2.25089073,"vx":-4.40164471,"vy":0.141233459,"spd":4.40391,"airTime":0.239999935,"moveIntent":1},"timestamp":1789129712166}
{"sessionId":"b47418","runId":"post-fix4","hypothesisId":"A","location":"Creep.cs:UpdateFallState","message":"grace leave-ground fall","data":{"name":"Square (5)","px":-1.52538979,"py":-1.88494563,"vx":-4.78859138,"vy":-0.298671722,"spd":4.797897,"airTime":0.239999935,"moveIntent":1},"timestamp":1789129712167}
{"sessionId":"b47418","runId":"post-fix4","hypothesisId":"G","location":"CreepSwarmController.cs:ApplyGroupTargetMove","message":"group target clamped","data":{"mode":"slideY","nx":-4.741174,"ny":-4.929333,"tx":-4.65939951,"ty":-4.929333},"timestamp":1789129712321}
{"sessionId":"b47418","runId":"post-fix4","hypothesisId":"G","location":"CreepSwarmController.cs:ApplyGroupTargetMove","message":"group target clamped","data":{"mode":"slideY","nx":-4.73976,"ny":-5.03152037,"tx":-4.65939951,"ty":-5.03152037},"timestamp":1789129712340}
{"sessionId":"b47418","runId":"post-fix4","hypothesisId":"G","location":"CreepSwarmController.cs:ApplyGroupTargetMove","message":"group target clamped","data":{"mode":"slideY","nx":-4.73739433,"ny":-5.13552427,"tx":-4.65939951,"ty":-5.13552427},"timestamp":1789129712359}
{"sessionId":"b47418","runId":"post-fix4","hypothesisId":"G","location":"CreepSwarmController.cs:ApplyGroupTargetMove","message":"group target clamped","data":{"mode":"slideY","nx":-4.73309,"ny":-5.242621,"tx":-4.65939951,"ty":-5.242621},"timestamp":1789129712383}
{"sessionId":"b47418","runId":"post-fix6","hypothesisId":"G","location":"CreepSwarmController.cs:FixedUpdate","message":"swarm state","data":{"alive":28,"falling":0,"joyX":-0.5668512,"joyY":-0.823820233,"joyMag":1,"formScale":0.300000161,"tx":-4.65939951,"ty":-5.242621,"groundMask":64},"timestamp":1789129712383}
{"sessionId":"b47418","runId":"post-fix4","hypothesisId":"G","location":"CreepSwarmController.cs:ApplyGroupTargetMove","message":"group target clamped","data":{"mode":"slideY","nx":-4.731188,"ny":-5.35100174,"tx":-4.65939951,"ty":-5.35100174},"timestamp":1789129712402}
{"sessionId":"b47418","runId":"post-fix6","hypothesisId":"I","location":"Creep.cs:ApplyWalkBob","message":"walk bob","data":{"spd":3.559421,"bob":-0.0290924627,"angle":-2.424372,"amount":1},"timestamp":1789129712402}
{"sessionId":"b47418","runId":"post-fix4","hypothesisId":"G","location":"CreepSwarmController.cs:ApplyGroupTargetMove","message":"group target clamped","data":{"mode":"slideY","nx":-4.72627926,"ny":-5.46247864,"tx":-4.65939951,"ty":-5.46247864},"timestamp":1789129712421}
{"sessionId":"b47418","runId":"post-fix4","hypothesisId":"G","location":"CreepSwarmController.cs:ApplyGroupTargetMove","message":"group target clamped","data":{"mode":"slideY","nx":-4.723049,"ny":-5.57583046,"tx":-4.65939951,"ty":-5.57583046},"timestamp":1789129712438}
{"sessionId":"b47418","runId":"post-fix4","hypothesisId":"A","location":"Creep.cs:UpdateFallState","message":"grace leave-ground fall","data":{"name":"Square (33)","px":-5.05833435,"py":-4.68789,"vx":1.651551,"vy":-4.1810174,"spd":4.49538946,"airTime":0.239999935,"moveIntent":1},"timestamp":1789129712440}
{"sessionId":"b47418","runId":"post-fix4","hypothesisId":"G","location":"CreepSwarmController.cs:ApplyGroupTargetMove","message":"group target clamped","data":{"mode":"slideY","nx":-4.711125,"ny":-5.695097,"tx":-4.65939951,"ty":-5.695097},"timestamp":1789129712466}
{"sessionId":"b47418","runId":"post-fix4","hypothesisId":"G","location":"CreepSwarmController.cs:ApplyGroupTargetMove","message":"group target clamped","data":{"mode":"slideY","nx":-4.700151,"ny":-5.81854439,"tx":-4.65939951,"ty":-5.81854439},"timestamp":1789129712479}
{"sessionId":"b47418","runId":"post-fix4","hypothesisId":"A","location":"Creep.cs:UpdateFallState","message":"grace leave-ground fall","data":{"name":"Square (16)","px":-4.93989134,"py":-5.016627,"vx":-3.5388,"vy":-2.61157584,"spd":4.398117,"airTime":0.239999935,"moveIntent":1},"timestamp":1789129712602}
{"sessionId":"b47418","runId":"post-fix4","hypothesisId":"A","location":"Creep.cs:UpdateFallState","message":"grace leave-ground fall","data":{"name":"Square (29)","px":-4.93962049,"py":-5.638256,"vx":-1.56586218,"vy":-3.94912362,"spd":4.248235,"airTime":0.239999935,"moveIntent":0.99999994},"timestamp":1789129712720}
{"sessionId":"b47418","runId":"post-fix4","hypothesisId":"A","location":"Creep.cs:UpdateFallState","message":"grace leave-ground fall","data":{"name":"Square (12)","px":-4.67397547,"py":-6.434825,"vx":0.377172947,"vy":-4.576342,"spd":4.591859,"airTime":0.239999935,"moveIntent":1},"timestamp":1789129712740}
{"sessionId":"b47418","runId":"post-fix4","hypothesisId":"A","location":"Creep.cs:UpdateFallState","message":"grace leave-ground fall","data":{"name":"Square (2)","px":-5.261863,"py":-4.97002363,"vx":-2.42849851,"vy":-4.36892176,"spd":4.998508,"airTime":0.239999935,"moveIntent":1},"timestamp":1789129712840}
{"sessionId":"b47418","runId":"post-fix4","hypothesisId":"A","location":"Creep.cs:UpdateFallState","message":"grace leave-ground fall","data":{"name":"Square (25)","px":-5.114321,"py":-4.492421,"vx":-1.171516,"vy":-2.80298352,"spd":3.03795433,"airTime":0.239999935,"moveIntent":1},"timestamp":1789129712841}
{"sessionId":"b47418","runId":"post-fix4","hypothesisId":"A","location":"Creep.cs:UpdateFallState","message":"grace leave-ground fall","data":{"name":"Square (20)","px":-4.748745,"py":-5.85024738,"vx":0.7996554,"vy":-5.0615983,"spd":5.124376,"airTime":0.239999935,"moveIntent":1},"timestamp":1789129712859}
{"sessionId":"b47418","runId":"post-fix6","hypothesisId":"I","location":"Creep.cs:ApplyWalkBob","message":"walk bob","data":{"spd":3.75752759,"bob":-0.1176194,"angle":-9.801618,"amount":1},"timestamp":1789129712926}
{"sessionId":"b47418","runId":"post-fix4","hypothesisId":"A","location":"Creep.cs:UpdateFallState","message":"grace leave-ground fall","data":{"name":"Square (21)","px":-5.31975269,"py":-4.035374,"vx":-2.32185268,"vy":-0.9398172,"spd":2.50484657,"airTime":0.239999935,"moveIntent":1},"timestamp":1789129712926}
{"sessionId":"b47418","runId":"post-fix6","hypothesisId":"G","location":"CreepSwarmController.cs:FixedUpdate","message":"swarm state","data":{"alive":24,"falling":4,"joyX":0.9999299,"joyY":-0.0118376724,"joyMag":1,"formScale":1,"tx":-2.17556047,"ty":-7.585691,"groundMask":64},"timestamp":1789129713020}
{"sessionId":"b47418","runId":"post-fix6","hypothesisId":"I","location":"Creep.cs:ApplyWalkBob","message":"walk bob","data":{"spd":4.1,"bob":-0.07204588,"angle":-6.00382328,"amount":1},"timestamp":1789129713439}
{"sessionId":"b47418","runId":"post-fix6","hypothesisId":"G","location":"CreepSwarmController.cs:FixedUpdate","message":"swarm state","data":{"alive":20,"falling":0,"joyX":0.9966824,"joyY":0.0813897848,"joyMag":1,"formScale":1,"tx":0.806862354,"ty":-7.38457537,"groundMask":64},"timestamp":1789129713482}
{"sessionId":"b47418","runId":"post-fix6","hypothesisId":"G","location":"CreepSwarmController.cs:FixedUpdate","message":"swarm state","data":{"alive":20,"falling":0,"joyX":0.9937246,"joyY":0.111854322,"joyMag":0.99999994,"formScale":1,"tx":1.5833348,"ty":-7.31098366,"groundMask":64},"timestamp":1789129713601}
{"sessionId":"b47418","runId":"post-fix6","hypothesisId":"G","location":"CreepSwarmController.cs:FixedUpdate","message":"swarm state","data":{"alive":20,"falling":0,"joyX":0.9713637,"joyY":0.237597436,"joyMag":1,"formScale":1,"tx":2.35203719,"ty":-7.18238354,"groundMask":64},"timestamp":1789129713724}
{"sessionId":"b47418","runId":"post-fix6","hypothesisId":"G","location":"CreepSwarmController.cs:FixedUpdate","message":"swarm state","data":{"alive":20,"falling":0,"joyX":0.5744077,"joyY":0.818569362,"joyMag":1,"formScale":1,"tx":3.567449,"ty":-6.251342,"groundMask":64},"timestamp":1789129713963}
{"sessionId":"b47418","runId":"post-fix6","hypothesisId":"I","location":"Creep.cs:ApplyWalkBob","message":"walk bob","data":{"spd":4.1,"bob":0.0556676351,"angle":4.63896942,"amount":1},"timestamp":1789129713964}
{"sessionId":"b47418","runId":"post-fix6","hypothesisId":"G","location":"CreepSwarmController.cs:FixedUpdate","message":"swarm state","data":{"alive":20,"falling":0,"joyX":-0.206310377,"joyY":0.978486538,"joyMag":0.99999994,"formScale":1,"tx":3.29230285,"ty":-3.977504,"groundMask":64},"timestamp":1789129714320}
{"sessionId":"b47418","runId":"post-fix6","hypothesisId":"I","location":"Creep.cs:ApplyWalkBob","message":"walk bob","data":{"spd":4.166795,"bob":0.119913407,"angle":9.9927845,"amount":1},"timestamp":1789129714482}
{"sessionId":"b47418","runId":"post-fix4","hypothesisId":"G","location":"CreepSwarmController.cs:ApplyGroupTargetMove","message":"group target clamped","data":{"mode":"slideX","nx":3.074759,"ny":-2.3023746,"tx":3.074759,"ty":-2.431728},"timestamp":1789129714583}
{"sessionId":"b47418","runId":"post-fix4","hypothesisId":"G","location":"CreepSwarmController.cs:ApplyGroupTargetMove","message":"group target clamped","data":{"mode":"slideX","nx":3.06185341,"ny":-2.30237,"tx":3.06185341,"ty":-2.431728},"timestamp":1789129714602}
{"sessionId":"b47418","runId":"post-fix4","hypothesisId":"G","location":"CreepSwarmController.cs:ApplyGroupTargetMove","message":"group target clamped","data":{"mode":"slideX","nx":3.04648852,"ny":-2.302639,"tx":3.04648852,"ty":-2.431728},"timestamp":1789129714620}
{"sessionId":"b47418","runId":"post-fix4","hypothesisId":"G","location":"CreepSwarmController.cs:ApplyGroupTargetMove","message":"group target clamped","data":{"mode":"slideX","nx":3.026396,"ny":-2.30329013,"tx":3.026396,"ty":-2.431728},"timestamp":1789129714640}
{"sessionId":"b47418","runId":"post-fix4","hypothesisId":"G","location":"CreepSwarmController.cs:ApplyGroupTargetMove","message":"group target clamped","data":{"mode":"slideX","nx":2.99524379,"ny":-2.30551577,"tx":2.99524379,"ty":-2.431728},"timestamp":1789129714660}
{"sessionId":"b47418","runId":"post-fix4","hypothesisId":"G","location":"CreepSwarmController.cs:ApplyGroupTargetMove","message":"group target clamped","data":{"mode":"slideX","nx":2.94773865,"ny":-2.31071854,"tx":2.94773865,"ty":-2.431728},"timestamp":1789129714680}
{"sessionId":"b47418","runId":"post-fix4","hypothesisId":"G","location":"CreepSwarmController.cs:ApplyGroupTargetMove","message":"group target clamped","data":{"mode":"slideX","nx":2.87918949,"ny":-2.32126975,"tx":2.87918949,"ty":-2.431728},"timestamp":1789129714699}
{"sessionId":"b47418","runId":"post-fix4","hypothesisId":"G","location":"CreepSwarmController.cs:ApplyGroupTargetMove","message":"group target clamped","data":{"mode":"slideX","nx":2.79032588,"ny":-2.33684254,"tx":2.79032588,"ty":-2.431728},"timestamp":1789129714719}
{"sessionId":"b47418","runId":"post-fix4","hypothesisId":"G","location":"CreepSwarmController.cs:ApplyGroupTargetMove","message":"group target clamped","data":{"mode":"slideX","nx":2.68795061,"ny":-2.35160756,"tx":2.68795061,"ty":-2.431728},"timestamp":1789129714743}
{"sessionId":"b47418","runId":"post-fix4","hypothesisId":"G","location":"CreepSwarmController.cs:ApplyGroupTargetMove","message":"group target clamped","data":{"mode":"slideX","nx":2.5801363,"ny":-2.35909128,"tx":2.5801363,"ty":-2.431728},"timestamp":1789129714764}
{"sessionId":"b47418","runId":"post-fix4","hypothesisId":"G","location":"CreepSwarmController.cs:ApplyGroupTargetMove","message":"group target clamped","data":{"mode":"slideX","nx":2.47099328,"ny":-2.36110377,"tx":2.47099328,"ty":-2.431728},"timestamp":1789129714783}
{"sessionId":"b47418","runId":"post-fix4","hypothesisId":"G","location":"CreepSwarmController.cs:ApplyGroupTargetMove","message":"group target clamped","data":{"mode":"slideX","nx":2.3615694,"ny":-2.3615396,"tx":2.3615694,"ty":-2.431728},"timestamp":1789129714799}
{"sessionId":"b47418","runId":"post-fix6","hypothesisId":"G","location":"CreepSwarmController.cs:FixedUpdate","message":"swarm state","data":{"alive":20,"falling":0,"joyX":-0.841722369,"joyY":0.5399107,"joyMag":1,"formScale":0.15,"tx":2.3615694,"ty":-2.431728,"groundMask":64},"timestamp":1789129714799}
{"sessionId":"b47418","runId":"post-fix4","hypothesisId":"G","location":"CreepSwarmController.cs:ApplyGroupTargetMove","message":"group target clamped","data":{"mode":"slideX","nx":2.2518177,"ny":-2.36205339,"tx":2.2518177,"ty":-2.431728},"timestamp":1789129714823}
{"sessionId":"b47418","runId":"post-fix4","hypothesisId":"G","location":"CreepSwarmController.cs:ApplyGroupTargetMove","message":"group target clamped","data":{"mode":"slideX","nx":2.140936,"ny":-2.36386633,"tx":2.140936,"ty":-2.431728},"timestamp":1789129714842}
{"sessionId":"b47418","runId":"post-fix4","hypothesisId":"G","location":"CreepSwarmController.cs:ApplyGroupTargetMove","message":"group target clamped","data":{"mode":"slideX","nx":2.029333,"ny":-2.36505866,"tx":2.029333,"ty":-2.431728},"timestamp":1789129714863}
{"sessionId":"b47418","runId":"post-fix4","hypothesisId":"G","location":"CreepSwarmController.cs:ApplyGroupTargetMove","message":"group target clamped","data":{"mode":"slideX","nx":1.91735387,"ny":-2.36569285,"tx":1.91735387,"ty":-2.431728},"timestamp":1789129714882}
{"sessionId":"b47418","runId":"post-fix6","hypothesisId":"G","location":"CreepSwarmController.cs:FixedUpdate","message":"swarm state","data":{"alive":20,"falling":0,"joyX":-0.866851449,"joyY":0.498566419,"joyMag":0.99999994,"formScale":0.5419998,"tx":1.69225907,"ty":-2.431728,"groundMask":64},"timestamp":1789129714922}
{"sessionId":"b47418","runId":"post-fix6","hypothesisId":"I","location":"Creep.cs:ApplyWalkBob","message":"walk bob","data":{"spd":3.21710086,"bob":0.04696043,"angle":3.91336918,"amount":0.9898772},"timestamp":1789129715001}
{"sessionId":"b47418","runId":"post-fix4","hypothesisId":"A","location":"Creep.cs:UpdateFallState","message":"grace leave-ground fall","data":{"name":"Square (22)","px":3.66436672,"py":-2.10524583,"vx":-2.20307374,"vy":0.5931818,"spd":2.28153419,"airTime":0.239999935,"moveIntent":1},"timestamp":1789129715082}
{"sessionId":"b47418","runId":"post-fix6","hypothesisId":"G","location":"CreepSwarmController.cs:FixedUpdate","message":"swarm state","data":{"alive":20,"falling":1,"joyX":-0.870735,"joyY":0.491752535,"joyMag":1,"formScale":1,"tx":0.448501319,"ty":-2.0479002,"groundMask":64},"timestamp":1789129715142}
{"sessionId":"b47418","runId":"post-fix4","hypothesisId":"A","location":"Creep.cs:UpdateFallState","message":"grace leave-ground fall","data":{"name":"Square (27)","px":4.93633127,"py":-2.81155562,"vx":-1.23794866,"vy":1.53858984,"spd":1.974785,"airTime":0.239999935,"moveIntent":1},"timestamp":1789129715238}
{"sessionId":"b47418","runId":"post-fix4","hypothesisId":"A","location":"Creep.cs:UpdateFallState","message":"grace leave-ground fall","data":{"name":"Square (10)","px":1.90217638,"py":-1.73592353,"vx":-4.99213839,"vy":2.05568767,"spd":5.39882374,"airTime":0.239999935,"moveIntent":1},"timestamp":1789129715419}
{"sessionId":"b47418","runId":"post-fix4","hypothesisId":"A","location":"Creep.cs:UpdateFallState","message":"grace leave-ground fall","data":{"name":"Square (3)","px":1.13321936,"py":-1.95192444,"vx":-4.134008,"vy":1.30056,"spd":4.33376026,"airTime":0.239999935,"moveIntent":0.99999994},"timestamp":1789129715481}
{"sessionId":"b47418","runId":"post-fix4","hypothesisId":"A","location":"Creep.cs:UpdateFallState","message":"grace leave-ground fall","data":{"name":"Square (14)","px":2.27254057,"py":-1.89127386,"vx":-4.89795828,"vy":1.39520383,"spd":5.09279776,"airTime":0.239999935,"moveIntent":1},"timestamp":1789129715507}
{"sessionId":"b47418","runId":"post-fix6","hypothesisId":"I","location":"Creep.cs:ApplyWalkBob","message":"walk bob","data":{"spd":3.356924,"bob":-0.07911998,"angle":-6.593332,"amount":1},"timestamp":1789129715524}
{"sessionId":"b47418","runId":"post-fix4","hypothesisId":"A","location":"Creep.cs:UpdateFallState","message":"grace leave-ground fall","data":{"name":"Square (18)","px":1.712803,"py":-2.245869,"vx":-1.78745246,"vy":-0.0866332948,"spd":1.78955066,"airTime":0.239999935,"moveIntent":1},"timestamp":1789129715659}
{"sessionId":"b47418","runId":"post-fix6","hypothesisId":"G","location":"CreepSwarmController.cs:FixedUpdate","message":"swarm state","data":{"alive":15,"falling":1,"joyX":-0.8807867,"joyY":0.4735133,"joyMag":1,"formScale":0.15,"tx":-1.02502573,"ty":-0.147850841,"groundMask":64},"timestamp":1789129715740}
{"sessionId":"b47418","runId":"post-fix6","hypothesisId":"I","location":"Creep.cs:ApplyWalkBob","message":"walk bob","data":{"spd":1.30749774,"bob":-0.04645584,"angle":-3.87132025,"amount":0.402307},"timestamp":1789129716038}
{"sessionId":"b47418","runId":"post-fix4","hypothesisId":"A","location":"Creep.cs:UpdateFallState","message":"grace leave-ground fall","data":{"name":"Square (1)","px":1.668106,"py":-2.31002188,"vx":1.89252555,"vy":0.060857892,"spd":1.89350379,"airTime":0.239999935,"moveIntent":1},"timestamp":1789129716080}
{"sessionId":"b47418","runId":"post-fix4","hypothesisId":"A","location":"Creep.cs:UpdateFallState","message":"grace leave-ground fall","data":{"name":"Square (15)","px":1.33572054,"py":-2.148508,"vx":2.19305229,"vy":1.06512368,"spd":2.43802524,"airTime":0.239999935,"moveIntent":1},"timestamp":1789129716161}
{"sessionId":"b47418","runId":"post-fix4","hypothesisId":"A","location":"Creep.cs:UpdateFallState","message":"grace leave-ground fall","data":{"name":"Square (17)","px":1.54490983,"py":-2.437641,"vx":1.83783269,"vy":-0.315319538,"spd":1.86468637,"airTime":0.239999935,"moveIntent":1},"timestamp":1789129716281}
{"sessionId":"b47418","runId":"post-fix4","hypothesisId":"A","location":"Creep.cs:UpdateFallState","message":"grace leave-ground fall","data":{"name":"Square (9)","px":5.69373655,"py":-3.82311177,"vx":4.90372467,"vy":0.1653474,"spd":4.90651131,"airTime":0.239999935,"moveIntent":1},"timestamp":1789129716282}
{"sessionId":"b47418","runId":"post-fix4","hypothesisId":"A","location":"Creep.cs:UpdateFallState","message":"grace leave-ground fall","data":{"name":"Square (6)","px":1.8233099,"py":-2.15641165,"vx":2.02807736,"vy":0.6637272,"spd":2.133924,"airTime":0.239999935,"moveIntent":1},"timestamp":1789129716442}
{"sessionId":"b47418","runId":"post-fix6","hypothesisId":"I","location":"Creep.cs:ApplyWalkBob","message":"walk bob","data":{"spd":1.81624854,"bob":-0.0112725338,"angle":-0.9393778,"amount":0.5588457},"timestamp":1789129716563}
{"sessionId":"b47418","runId":"post-fix4","hypothesisId":"A","location":"Creep.cs:UpdateFallState","message":"grace leave-ground fall","data":{"name":"Square (8)","px":5.60035,"py":-4.527355,"vx":4.16507673,"vy":-1.45100808,"spd":4.41058826,"airTime":0.239999935,"moveIntent":1},"timestamp":1789129716579}
{"sessionId":"b47418","runId":"post-fix6","hypothesisId":"G","location":"CreepSwarmController.cs:FixedUpdate","message":"swarm state","data":{"alive":10,"falling":2,"joyX":-0.7423986,"joyY":0.669958353,"joyMag":0.99999994,"formScale":0.15,"tx":-1.02502573,"ty":2.5277493,"groundMask":64},"timestamp":1789129716618}
{"sessionId":"b47418","runId":"post-fix6","hypothesisId":"I","location":"Creep.cs:ApplyWalkBob","message":"walk bob","data":{"spd":2.33244276,"bob":0.07042306,"angle":5.868588,"amount":0.717674732},"timestamp":1789129717081}
{"sessionId":"b47418","runId":"post-fix6","hypothesisId":"G","location":"CreepSwarmController.cs:FixedUpdate","message":"swarm state","data":{"alive":8,"falling":0,"joyX":0,"joyY":0,"joyMag":0,"formScale":0.15,"tx":-1.02502573,"ty":3.44834638,"groundMask":64},"timestamp":1789129717219}
{"sessionId":"b47418","runId":"post-fix6","hypothesisId":"I","location":"Creep.cs:ApplyWalkBob","message":"walk bob","data":{"spd":1.446123,"bob":0.04652006,"angle":3.87667179,"amount":0.444960952},"timestamp":1789129717603}
{"sessionId":"b47418","runId":"post-fix4","hypothesisId":"A","location":"Creep.cs:UpdateFallState","message":"grace leave-ground fall","data":{"name":"Square (4)","px":4.99234533,"py":-3.12238717,"vx":1.94847012,"vy":-0.9114497,"spd":2.15111041,"airTime":0.239999935,"moveIntent":1},"timestamp":1789129717938}
{"sessionId":"b47418","runId":"post-fix6","hypothesisId":"G","location":"CreepSwarmController.cs:FixedUpdate","message":"swarm state","data":{"alive":8,"falling":1,"joyX":-0.7078818,"joyY":0.7063309,"joyMag":1,"formScale":0.15,"tx":-1.02502573,"ty":4.903409,"groundMask":64},"timestamp":1789129718121}
{"sessionId":"b47418","runId":"post-fix4","hypothesisId":"A","location":"Creep.cs:UpdateFallState","message":"grace leave-ground fall","data":{"name":"Square","px":5.00913763,"py":-3.0984807,"vx":2.29213023,"vy":2.003082,"spd":3.044043,"airTime":0.239999935,"moveIntent":1},"timestamp":1789129718121}
{"sessionId":"b47418","runId":"post-fix4","hypothesisId":"A","location":"Creep.cs:UpdateFallState","message":"grace leave-ground fall","data":{"name":"Square (19)","px":5.636438,"py":-2.37852621,"vx":2.5333724,"vy":5.157626,"spd":5.74622345,"airTime":0.239999935,"moveIntent":1},"timestamp":1789129718121}
{"sessionId":"b47418","runId":"post-fix4","hypothesisId":"A","location":"Creep.cs:UpdateFallState","message":"grace leave-ground fall","data":{"name":"Square (23)","px":4.95860052,"py":-3.88428187,"vx":1.48617017,"vy":0.287099421,"spd":1.5136472,"airTime":0.239999935,"moveIntent":1},"timestamp":1789129718122}
{"sessionId":"b47418","runId":"post-fix6","hypothesisId":"G","location":"CreepSwarmController.cs:FixedUpdate","message":"swarm state","data":{"alive":7,"falling":4,"joyX":-0.769236,"joyY":0.6389648,"joyMag":1,"formScale":0.15,"tx":-1.02502573,"ty":5.429916,"groundMask":64},"timestamp":1789129718241}
{"sessionId":"b47418","runId":"post-fix6","hypothesisId":"G","location":"CreepSwarmController.cs:FixedUpdate","message":"swarm state","data":{"alive":0,"falling":0,"joyX":0,"joyY":0,"joyMag":0,"formScale":0.15,"tx":-1.02502573,"ty":6.02539253,"groundMask":64},"timestamp":1789129718727}
{"sessionId":"b47418","runId":"post-fix6","hypothesisId":"G","location":"CreepSwarmController.cs:FixedUpdate","message":"swarm state","data":{"alive":0,"falling":0,"joyX":0,"joyY":0,"joyMag":0,"formScale":0.15,"tx":-1.02502573,"ty":6.02539253,"groundMask":64},"timestamp":1789129718840}
{"sessionId":"b47418","runId":"post-fix6","hypothesisId":"G","location":"CreepSwarmController.cs:FixedUpdate","message":"swarm state","data":{"alive":0,"falling":0,"joyX":0,"joyY":0,"joyMag":0,"formScale":0.15,"tx":-1.02502573,"ty":6.02539253,"groundMask":64},"timestamp":1789129719301}
{"sessionId":"b47418","runId":"post-fix6","hypothesisId":"G","location":"CreepSwarmController.cs:FixedUpdate","message":"swarm state","data":{"alive":0,"falling":0,"joyX":0,"joyY":0,"joyMag":0,"formScale":0.15,"tx":-1.02502573,"ty":6.02539253,"groundMask":64},"timestamp":1789129720018}
{"sessionId":"b47418","runId":"post-fix6","hypothesisId":"G","location":"CreepSwarmController.cs:FixedUpdate","message":"swarm state","data":{"alive":0,"falling":0,"joyX":0,"joyY":0,"joyMag":0,"formScale":0.15,"tx":-1.02502573,"ty":6.02539253,"groundMask":64},"timestamp":1789129720139}
{"sessionId":"b47418","runId":"post-fix6","hypothesisId":"G","location":"CreepSwarmController.cs:FixedUpdate","message":"swarm state","data":{"alive":0,"falling":0,"joyX":0,"joyY":0,"joyMag":0,"formScale":0.15,"tx":-1.02502573,"ty":6.02539253,"groundMask":64},"timestamp":1789129720382}
{"sessionId":"b47418","runId":"post-fix4","hypothesisId":"G","location":"CreepSwarmController.cs:EnsureGroundMaskFromCreeps","message":"copied ground mask from creep","data":{"groundMask":64},"timestamp":1789129727899}
{"sessionId":"b47418","runId":"post-fix6","hypothesisId":"I","location":"Creep.cs:ApplyWalkBob","message":"walk bob","data":{"spd":3.93748784,"bob":-0.08825759,"angle":-7.354799,"amount":1},"timestamp":1789129731062}
{"sessionId":"b47418","runId":"post-fix6","hypothesisId":"I","location":"Creep.cs:ApplyWalkBob","message":"walk bob","data":{"spd":1.98018384,"bob":-0.06784576,"angle":-5.653814,"amount":0.6092874},"timestamp":1789129731605}
{"sessionId":"b47418","runId":"post-fix6","hypothesisId":"G","location":"CreepSwarmController.cs:FixedUpdate","message":"swarm state","data":{"alive":34,"falling":0,"joyX":0,"joyY":0,"joyMag":0,"formScale":1,"tx":0.111194275,"ty":-5.393454,"groundMask":64},"timestamp":1789129731901}
{"sessionId":"b47418","runId":"post-fix6","hypothesisId":"I","location":"Creep.cs:ApplyWalkBob","message":"walk bob","data":{"spd":0.494562536,"bob":-0.00113997748,"angle":-0.09499812,"amount":0.152173087},"timestamp":1789129732101}
{"sessionId":"b47418","runId":"post-fix6","hypothesisId":"G","location":"CreepSwarmController.cs:FixedUpdate","message":"swarm state","data":{"alive":34,"falling":0,"joyX":0,"joyY":0,"joyMag":0,"formScale":1,"tx":0.111194275,"ty":-5.393454,"groundMask":64},"timestamp":1789129732126}
{"sessionId":"b47418","runId":"post-fix6","hypothesisId":"G","location":"CreepSwarmController.cs:FixedUpdate","message":"swarm state","data":{"alive":34,"falling":0,"joyX":0,"joyY":0,"joyMag":0,"formScale":1,"tx":0.111194275,"ty":-5.393454,"groundMask":64},"timestamp":1789129732482}
{"sessionId":"b47418","runId":"post-fix6","hypothesisId":"I","location":"Creep.cs:ApplyWalkBob","message":"walk bob","data":{"spd":1.85418582,"bob":0.0598537438,"angle":4.987812,"amount":0.570518732},"timestamp":1789129732624}
{"sessionId":"b47418","runId":"post-fix6","hypothesisId":"G","location":"CreepSwarmController.cs:FixedUpdate","message":"swarm state","data":{"alive":34,"falling":0,"joyX":0,"joyY":0,"joyMag":0,"formScale":1,"tx":0.111194275,"ty":-5.393454,"groundMask":64},"timestamp":1789129733061}
{"sessionId":"b47418","runId":"post-fix6","hypothesisId":"I","location":"Creep.cs:ApplyWalkBob","message":"walk bob","data":{"spd":0.196361735,"bob":0.00590300653,"angle":0.491917253,"amount":0.060418997},"timestamp":1789129733144}
{"sessionId":"b47418","runId":"post-fix6","hypothesisId":"G","location":"CreepSwarmController.cs:FixedUpdate","message":"swarm state","data":{"alive":34,"falling":0,"joyX":0,"joyY":0,"joyMag":0,"formScale":1,"tx":0.111194275,"ty":-5.393454,"groundMask":64},"timestamp":1789129733402}
{"sessionId":"b47418","runId":"post-fix6","hypothesisId":"I","location":"Creep.cs:ApplyWalkBob","message":"walk bob","data":{"spd":0.121945351,"bob":0.001178994,"angle":0.0982495,"amount":0.03752165},"timestamp":1789129733686}
{"sessionId":"b47418","runId":"post-fix6","hypothesisId":"G","location":"CreepSwarmController.cs:FixedUpdate","message":"swarm state","data":{"alive":34,"falling":0,"joyX":0,"joyY":0,"joyMag":0,"formScale":1,"tx":0.111194275,"ty":-5.393454,"groundMask":64},"timestamp":1789129733966}
{"sessionId":"b47418","runId":"post-fix6","hypothesisId":"G","location":"CreepSwarmController.cs:FixedUpdate","message":"swarm state","data":{"alive":34,"falling":0,"joyX":0,"joyY":0,"joyMag":0,"formScale":1,"tx":0.111194275,"ty":-5.393454,"groundMask":64},"timestamp":1789129734305}
{"sessionId":"b47418","runId":"post-fix6","hypothesisId":"G","location":"CreepSwarmController.cs:FixedUpdate","message":"swarm state","data":{"alive":34,"falling":0,"joyX":0,"joyY":0,"joyMag":0,"formScale":1,"tx":0.111194275,"ty":-5.393454,"groundMask":64},"timestamp":1789129734425}
{"sessionId":"b47418","runId":"post-fix6","hypothesisId":"G","location":"CreepSwarmController.cs:FixedUpdate","message":"swarm state","data":{"alive":34,"falling":0,"joyX":0,"joyY":0,"joyMag":0,"formScale":1,"tx":0.111194275,"ty":-5.393454,"groundMask":64},"timestamp":1789129734542}
{"sessionId":"b47418","runId":"post-fix6","hypothesisId":"G","location":"CreepSwarmController.cs:FixedUpdate","message":"swarm state","data":{"alive":34,"falling":0,"joyX":0,"joyY":0,"joyMag":0,"formScale":1,"tx":0.111194275,"ty":-5.393454,"groundMask":64},"timestamp":1789129734763}
{"sessionId":"b47418","runId":"post-fix6","hypothesisId":"G","location":"CreepSwarmController.cs:FixedUpdate","message":"swarm state","data":{"alive":34,"falling":0,"joyX":0,"joyY":0,"joyMag":0,"formScale":1,"tx":0.111194275,"ty":-5.393454,"groundMask":64},"timestamp":1789129734882}
{"sessionId":"b47418","runId":"post-fix6","hypothesisId":"G","location":"CreepSwarmController.cs:FixedUpdate","message":"swarm state","data":{"alive":34,"falling":0,"joyX":0,"joyY":0,"joyMag":0,"formScale":1,"tx":0.325009078,"ty":-5.70010471,"groundMask":64},"timestamp":1789129735226}
{"sessionId":"b47418","runId":"post-fix6","hypothesisId":"G","location":"CreepSwarmController.cs:FixedUpdate","message":"swarm state","data":{"alive":34,"falling":0,"joyX":0,"joyY":0,"joyMag":0,"formScale":1,"tx":0.325009078,"ty":-5.70010471,"groundMask":64},"timestamp":1789129735445}
{"sessionId":"b47418","runId":"post-fix6","hypothesisId":"I","location":"Creep.cs:ApplyWalkBob","message":"walk bob","data":{"spd":0.334772468,"bob":-0.004171252,"angle":-0.347604334,"amount":0.103006914},"timestamp":1789129735547}
{"sessionId":"b47418","runId":"post-fix6","hypothesisId":"I","location":"Creep.cs:ApplyWalkBob","message":"walk bob","data":{"spd":2.93345475,"bob":0.0763393939,"angle":6.361616,"amount":0.9026015},"timestamp":1789129736065}
{"sessionId":"b47418","runId":"post-fix6","hypothesisId":"G","location":"CreepSwarmController.cs:FixedUpdate","message":"swarm state","data":{"alive":34,"falling":0,"joyX":0,"joyY":0,"joyMag":0,"formScale":1,"tx":-1.215229,"ty":-4.48246527,"groundMask":64},"timestamp":1789129736165}
{"sessionId":"b47418","runId":"post-fix6","hypothesisId":"G","location":"CreepSwarmController.cs:FixedUpdate","message":"swarm state","data":{"alive":34,"falling":0,"joyX":0.237572074,"joyY":0.834314346,"joyMag":0.8674796,"formScale":1,"tx":-0.8850045,"ty":-4.14931536,"groundMask":64},"timestamp":1789129736507}
{"sessionId":"b47418","runId":"post-fix6","hypothesisId":"I","location":"Creep.cs:ApplyWalkBob","message":"walk bob","data":{"spd":2.81910062,"bob":0.09820991,"angle":8.184159,"amount":0.8674156},"timestamp":1789129736582}
{"sessionId":"b47418","runId":"post-fix4","hypothesisId":"A","location":"Creep.cs:UpdateFallState","message":"grace leave-ground fall","data":{"name":"Square (30)","px":-1.56589961,"py":-2.37978816,"vx":-0.07925844,"vy":-0.1988697,"spd":0.2140819,"airTime":0.239999935,"moveIntent":0},"timestamp":1789129736905}
{"sessionId":"b47418","runId":"post-fix6","hypothesisId":"G","location":"CreepSwarmController.cs:FixedUpdate","message":"swarm state","data":{"alive":33,"falling":0,"joyX":0,"joyY":0,"joyMag":0,"formScale":1,"tx":-0.8235077,"ty":-3.90025616,"groundMask":64},"timestamp":1789129737183}
{"sessionId":"b47418","runId":"post-fix6","hypothesisId":"G","location":"CreepSwarmController.cs:FixedUpdate","message":"swarm state","data":{"alive":33,"falling":0,"joyX":0,"joyY":0,"joyMag":0,"formScale":1,"tx":-0.8235077,"ty":-3.90025616,"groundMask":64},"timestamp":1789129737405}
{"sessionId":"b47418","runId":"post-fix6","hypothesisId":"G","location":"CreepSwarmController.cs:FixedUpdate","message":"swarm state","data":{"alive":33,"falling":0,"joyX":0,"joyY":0,"joyMag":0,"formScale":1,"tx":-0.8235077,"ty":-3.90025616,"groundMask":64},"timestamp":1789129737722}
{"sessionId":"b47418","runId":"post-fix6","hypothesisId":"G","location":"CreepSwarmController.cs:FixedUpdate","message":"swarm state","data":{"alive":33,"falling":0,"joyX":0,"joyY":0,"joyMag":0,"formScale":1,"tx":-0.8235077,"ty":-3.90025616,"groundMask":64},"timestamp":1789129738044}
{"sessionId":"b47418","runId":"post-fix6","hypothesisId":"I","location":"Creep.cs:ApplyWalkBob","message":"walk bob","data":{"spd":0.4626786,"bob":-0.0143338665,"angle":-1.19448888,"amount":0.142362654},"timestamp":1789129738146}
{"sessionId":"b47418","runId":"post-fix6","hypothesisId":"I","location":"Creep.cs:ApplyWalkBob","message":"walk bob","data":{"spd":0.218668863,"bob":0.00105338,"angle":0.08778167,"amount":0.06728273},"timestamp":1789129738663}
{"sessionId":"b47418","runId":"post-fix6","hypothesisId":"G","location":"CreepSwarmController.cs:FixedUpdate","message":"swarm state","data":{"alive":33,"falling":0,"joyX":0.6578918,"joyY":0.1581471,"joyMag":0.676632941,"formScale":1,"tx":0.321589023,"ty":-4.044718,"groundMask":64},"timestamp":1789129738703}
{"sessionId":"b47418","runId":"post-fix6","hypothesisId":"G","location":"CreepSwarmController.cs:FixedUpdate","message":"swarm state","data":{"alive":33,"falling":0,"joyX":0.12792328,"joyY":0.596741855,"joyMag":0.6102993,"formScale":1,"tx":0.571039438,"ty":-3.69091845,"groundMask":64},"timestamp":1789129738823}
{"sessionId":"b47418","runId":"post-fix6","hypothesisId":"G","location":"CreepSwarmController.cs:FixedUpdate","message":"swarm state","data":{"alive":33,"falling":0,"joyX":0,"joyY":0,"joyMag":0,"formScale":1,"tx":0.571039438,"ty":-3.69091845,"groundMask":64},"timestamp":1789129739165}
{"sessionId":"b47418","runId":"post-fix4","hypothesisId":"A","location":"Creep.cs:UpdateFallState","message":"grace leave-ground fall","data":{"name":"Square (10)","px":1.44544208,"py":-2.34055185,"vx":-0.0297153,"vy":-0.282801151,"spd":0.284358025,"airTime":0.239999935,"moveIntent":0},"timestamp":1789129739166}
{"sessionId":"b47418","runId":"post-fix6","hypothesisId":"I","location":"Creep.cs:ApplyWalkBob","message":"walk bob","data":{"spd":0.119568542,"bob":0.00419956027,"angle":0.349963337,"amount":0.0367903225},"timestamp":1789129739184}
{"sessionId":"b47418","runId":"post-fix6","hypothesisId":"G","location":"CreepSwarmController.cs:FixedUpdate","message":"swarm state","data":{"alive":32,"falling":0,"joyX":0.274121046,"joyY":-0.0246001072,"joyMag":0.275222659,"formScale":1,"tx":0.744466841,"ty":-3.695761,"groundMask":64},"timestamp":1789129739403}
{"sessionId":"b47418","runId":"post-fix6","hypothesisId":"I","location":"Creep.cs:ApplyWalkBob","message":"walk bob","data":{"spd":3.90720558,"bob":-0.0304311384,"angle":-2.53592825,"amount":1},"timestamp":1789129739823}
{"sessionId":"b47418","runId":"post-fix6","hypothesisId":"G","location":"CreepSwarmController.cs:FixedUpdate","message":"swarm state","data":{"alive":32,"falling":0,"joyX":-0.799449,"joyY":-0.6007339,"joyMag":0.99999994,"formScale":1,"tx":-1.49432385,"ty":-5.089177,"groundMask":64},"timestamp":1789129739885}
{"sessionId":"b47418","runId":"post-fix6","hypothesisId":"G","location":"CreepSwarmController.cs:FixedUpdate","message":"swarm state","data":{"alive":32,"falling":0,"joyX":0.956392348,"joyY":0.292084962,"joyMag":1,"formScale":1,"tx":-0.5952863,"ty":-5.27150774,"groundMask":64},"timestamp":1789129740346}
{"sessionId":"b47418","runId":"post-fix6","hypothesisId":"I","location":"Creep.cs:ApplyWalkBob","message":"walk bob","data":{"spd":1.48720491,"bob":0.04196956,"angle":3.49746346,"amount":0.457601517},"timestamp":1789129740348}
{"sessionId":"b47418","runId":"post-fix6","hypothesisId":"G","location":"CreepSwarmController.cs:FixedUpdate","message":"swarm state","data":{"alive":32,"falling":0,"joyX":0.969783247,"joyY":0.243968219,"joyMag":1,"formScale":1,"tx":0.155981436,"ty":-5.062087,"groundMask":64},"timestamp":1789129740467}
{"sessionId":"b47418","runId":"post-fix6","hypothesisId":"G","location":"CreepSwarmController.cs:FixedUpdate","message":"swarm state","data":{"alive":32,"falling":0,"joyX":0.9676125,"joyY":0.2524402,"joyMag":1,"formScale":1,"tx":1.542322,"ty":-4.711456,"groundMask":64},"timestamp":1789129740686}
{"sessionId":"b47418","runId":"post-fix6","hypothesisId":"I","location":"Creep.cs:ApplyWalkBob","message":"walk bob","data":{"spd":4.1,"bob":0.109297544,"angle":9.1081295,"amount":1},"timestamp":1789129740865}
{"sessionId":"b47418","runId":"post-fix6","hypothesisId":"G","location":"CreepSwarmController.cs:FixedUpdate","message":"swarm state","data":{"alive":32,"falling":0,"joyX":-0.7492659,"joyY":-0.2987223,"joyMag":0.8066191,"formScale":1,"tx":1.55676258,"ty":-4.828995,"groundMask":64},"timestamp":1789129740925}
{"sessionId":"b47418","runId":"post-fix6","hypothesisId":"G","location":"CreepSwarmController.cs:FixedUpdate","message":"swarm state","data":{"alive":32,"falling":0,"joyX":-0.7492659,"joyY":-0.2987223,"joyMag":0.8066191,"formScale":1,"tx":0.485312939,"ty":-5.25617027,"groundMask":64},"timestamp":1789129741143}
{"sessionId":"b47418","runId":"post-fix6","hypothesisId":"I","location":"Creep.cs:ApplyWalkBob","message":"walk bob","data":{"spd":2.1482327,"bob":0.00149631489,"angle":0.124692909,"amount":0.6609947},"timestamp":1789129741382}
{"sessionId":"b47418","runId":"post-fix6","hypothesisId":"G","location":"CreepSwarmController.cs:FixedUpdate","message":"swarm state","data":{"alive":32,"falling":0,"joyX":0.6030674,"joyY":0.0850485861,"joyMag":0.609034956,"formScale":1,"tx":0.03392554,"ty":-5.68306971,"groundMask":64},"timestamp":1789129741723}
{"sessionId":"b47418","runId":"post-fix6","hypothesisId":"I","location":"Creep.cs:ApplyWalkBob","message":"walk bob","data":{"spd":0.7272975,"bob":-0.0240230672,"angle":-2.00192237,"amount":0.223783851},"timestamp":1789129741906}
{"sessionId":"b47418","runId":"post-fix6","hypothesisId":"G","location":"CreepSwarmController.cs:FixedUpdate","message":"swarm state","data":{"alive":32,"falling":0,"joyX":0.201022148,"joyY":0.01194961,"joyMag":0.201377,"formScale":1,"tx":0.9153171,"ty":-5.58301258,"groundMask":64},"timestamp":1789129742061}
{"sessionId":"b47418","runId":"post-fix6","hypothesisId":"G","location":"CreepSwarmController.cs:FixedUpdate","message":"swarm state","data":{"alive":32,"falling":0,"joyX":-0.1096488,"joyY":0.0667730346,"joyMag":0.128380284,"formScale":1,"tx":1.05073285,"ty":-5.56345749,"groundMask":64},"timestamp":1789129742286}
{"sessionId":"b47418","runId":"post-fix6","hypothesisId":"I","location":"Creep.cs:ApplyWalkBob","message":"walk bob","data":{"spd":2.22975922,"bob":-0.06488423,"angle":-5.407019,"amount":0.6860798},"timestamp":1789129742424}
{"sessionId":"b47418","runId":"post-fix6","hypothesisId":"G","location":"CreepSwarmController.cs:FixedUpdate","message":"swarm state","data":{"alive":32,"falling":0,"joyX":-0.767540634,"joyY":0.212971449,"joyMag":0.796539664,"formScale":1,"tx":-0.878352165,"ty":-5.028192,"groundMask":64},"timestamp":1789129742841}
{"sessionId":"b47418","runId":"post-fix6","hypothesisId":"I","location":"Creep.cs:ApplyWalkBob","message":"walk bob","data":{"spd":4.1,"bob":0.0260325782,"angle":2.16938162,"amount":1},"timestamp":1789129742943}
{"sessionId":"b47418","runId":"post-fix6","hypothesisId":"G","location":"CreepSwarmController.cs:FixedUpdate","message":"swarm state","data":{"alive":32,"falling":0,"joyX":-0.6396173,"joyY":0.3957191,"joyMag":0.752132952,"formScale":1,"tx":-1.43427074,"ty":-4.80505753,"groundMask":64},"timestamp":1789129742962}
{"sessionId":"b47418","runId":"post-fix6","hypothesisId":"G","location":"CreepSwarmController.cs:FixedUpdate","message":"swarm state","data":{"alive":32,"falling":0,"joyX":-0.5482435,"joyY":0.596741855,"joyMag":0.810352862,"formScale":1,"tx":-2.249143,"ty":-4.025364,"groundMask":64},"timestamp":1789129743187}
{"sessionId":"b47418","runId":"post-fix6","hypothesisId":"G","location":"CreepSwarmController.cs:FixedUpdate","message":"swarm state","data":{"alive":32,"falling":0,"joyX":-0.2923965,"joyY":0.8160388,"joyMag":0.866842,"formScale":1,"tx":-2.53422928,"ty":-3.43399215,"groundMask":64},"timestamp":1789129743305}
{"sessionId":"b47418","runId":"post-fix6","hypothesisId":"I","location":"Creep.cs:ApplyWalkBob","message":"walk bob","data":{"spd":4.114879,"bob":0.116954327,"angle":9.746194,"amount":1},"timestamp":1789129743466}
{"sessionId":"b47418","runId":"post-fix4","hypothesisId":"G","location":"CreepSwarmController.cs:ApplyGroupTargetMove","message":"group target clamped","data":{"mode":"slideX","nx":-2.84307313,"ny":-2.34700847,"tx":-2.84307313,"ty":-2.457845},"timestamp":1789129743503}
{"sessionId":"b47418","runId":"post-fix4","hypothesisId":"G","location":"CreepSwarmController.cs:ApplyGroupTargetMove","message":"group target clamped","data":{"mode":"slideX","nx":-2.85495186,"ny":-2.34700847,"tx":-2.85495186,"ty":-2.457845},"timestamp":1789129743526}
{"sessionId":"b47418","runId":"post-fix4","hypothesisId":"G","location":"CreepSwarmController.cs:ApplyGroupTargetMove","message":"group target clamped","data":{"mode":"slideX","nx":-2.8573277,"ny":-2.34700847,"tx":-2.8573277,"ty":-2.457845},"timestamp":1789129743545}
{"sessionId":"b47418","runId":"post-fix4","hypothesisId":"G","location":"CreepSwarmController.cs:ApplyGroupTargetMove","message":"group target clamped","data":{"mode":"slideX","nx":-2.85257626,"ny":-2.349384,"tx":-2.85257626,"ty":-2.457845},"timestamp":1789129743565}
{"sessionId":"b47418","runId":"post-fix4","hypothesisId":"G","location":"CreepSwarmController.cs:ApplyGroupTargetMove","message":"group target clamped","data":{"mode":"slideX","nx":-2.83594632,"ny":-2.349384,"tx":-2.83594632,"ty":-2.457845},"timestamp":1789129743584}
{"sessionId":"b47418","runId":"post-fix4","hypothesisId":"G","location":"CreepSwarmController.cs:ApplyGroupTargetMove","message":"group target clamped","data":{"mode":"slideX","nx":-2.8145647,"ny":-2.35413551,"tx":-2.8145647,"ty":-2.457845},"timestamp":1789129743604}
{"sessionId":"b47418","runId":"post-fix4","hypothesisId":"G","location":"CreepSwarmController.cs:ApplyGroupTargetMove","message":"group target clamped","data":{"mode":"slideX","nx":-2.788432,"ny":-2.35413551,"tx":-2.788432,"ty":-2.457845},"timestamp":1789129743622}
{"sessionId":"b47418","runId":"post-fix4","hypothesisId":"G","location":"CreepSwarmController.cs:ApplyGroupTargetMove","message":"group target clamped","data":{"mode":"slideX","nx":-2.75042033,"ny":-2.35651135,"tx":-2.75042033,"ty":-2.457845},"timestamp":1789129743647}
{"sessionId":"b47418","runId":"post-fix4","hypothesisId":"G","location":"CreepSwarmController.cs:ApplyGroupTargetMove","message":"group target clamped","data":{"mode":"slideX","nx":-2.70053029,"ny":-2.35651135,"tx":-2.70053029,"ty":-2.457845},"timestamp":1789129743666}
{"sessionId":"b47418","runId":"post-fix6","hypothesisId":"G","location":"CreepSwarmController.cs:FixedUpdate","message":"swarm state","data":{"alive":32,"falling":0,"joyX":0.3837698,"joyY":0.7794895,"joyMag":0.868840158,"formScale":0.15,"tx":-2.70053029,"ty":-2.457845,"groundMask":64},"timestamp":1789129743667}
{"sessionId":"b47418","runId":"post-fix4","hypothesisId":"G","location":"CreepSwarmController.cs:ApplyGroupTargetMove","message":"group target clamped","data":{"mode":"slideX","nx":-2.636386,"ny":-2.35651135,"tx":-2.636386,"ty":-2.457845},"timestamp":1789129743686}
{"sessionId":"b47418","runId":"post-fix4","hypothesisId":"G","location":"CreepSwarmController.cs:ApplyGroupTargetMove","message":"group target clamped","data":{"mode":"slideX","nx":-2.55561161,"ny":-2.35651135,"tx":-2.55561161,"ty":-2.457845},"timestamp":1789129743705}
{"sessionId":"b47418","runId":"post-fix4","hypothesisId":"A","location":"Creep.cs:UpdateFallState","message":"grace leave-ground fall","data":{"name":"Square (26)","px":-3.08329916,"py":-2.33038878,"vx":-2.20279455,"vy":-1.18398583,"spd":2.50082517,"airTime":0.239999935,"moveIntent":0.9968298},"timestamp":1789129743705}
{"sessionId":"b47418","runId":"post-fix4","hypothesisId":"G","location":"CreepSwarmController.cs:ApplyGroupTargetMove","message":"group target clamped","data":{"mode":"slideX","nx":-2.466685,"ny":-2.36301851,"tx":-2.466685,"ty":-2.457845},"timestamp":1789129743725}
{"sessionId":"b47418","runId":"post-fix4","hypothesisId":"G","location":"CreepSwarmController.cs:ApplyGroupTargetMove","message":"group target clamped","data":{"mode":"slideX","nx":-2.37334442,"ny":-2.36736,"tx":-2.37334442,"ty":-2.457845},"timestamp":1789129743743}
{"sessionId":"b47418","runId":"post-fix4","hypothesisId":"G","location":"CreepSwarmController.cs:ApplyGroupTargetMove","message":"group target clamped","data":{"mode":"slideX","nx":-2.27529049,"ny":-2.37249041,"tx":-2.27529049,"ty":-2.457845},"timestamp":1789129743761}
{"sessionId":"b47418","runId":"post-fix4","hypothesisId":"G","location":"CreepSwarmController.cs:ApplyGroupTargetMove","message":"group target clamped","data":{"mode":"slideX","nx":-2.17556977,"ny":-2.37444353,"tx":-2.17556977,"ty":-2.457845},"timestamp":1789129743787}
{"sessionId":"b47418","runId":"post-fix4","hypothesisId":"G","location":"CreepSwarmController.cs:ApplyGroupTargetMove","message":"group target clamped","data":{"mode":"slideX","nx":-2.07505822,"ny":-2.37539864,"tx":-2.07505822,"ty":-2.457845},"timestamp":1789129743803}
{"sessionId":"b47418","runId":"post-fix4","hypothesisId":"A","location":"Creep.cs:UpdateFallState","message":"grace leave-ground fall","data":{"name":"Square (7)","px":-3.69529915,"py":-2.13912034,"vx":-1.14535248,"vy":-1.28572774,"spd":1.72189665,"airTime":0.239999935,"moveIntent":1},"timestamp":1789129743804}
{"sessionId":"b47418","runId":"post-fix4","hypothesisId":"G","location":"CreepSwarmController.cs:ApplyGroupTargetMove","message":"group target clamped","data":{"mode":"slideX","nx":-1.97378242,"ny":-2.3763392,"tx":-1.97378242,"ty":-2.457845},"timestamp":1789129743823}
{"sessionId":"b47418","runId":"post-fix4","hypothesisId":"G","location":"CreepSwarmController.cs:ApplyGroupTargetMove","message":"group target clamped","data":{"mode":"slideX","nx":-1.8703649,"ny":-2.37907434,"tx":-1.8703649,"ty":-2.457845},"timestamp":1789129743847}
{"sessionId":"b47418","runId":"post-fix4","hypothesisId":"G","location":"CreepSwarmController.cs:ApplyGroupTargetMove","message":"group target clamped","data":{"mode":"slideX","nx":-1.76563621,"ny":-2.38082623,"tx":-1.76563621,"ty":-2.457845},"timestamp":1789129743865}
{"sessionId":"b47418","runId":"post-fix4","hypothesisId":"A","location":"Creep.cs:UpdateFallState","message":"grace leave-ground fall","data":{"name":"Square (21)","px":-3.42096925,"py":-1.89214563,"vx":-0.174344,"vy":0.9446491,"spd":0.9606028,"airTime":0.239999935,"moveIntent":1},"timestamp":1789129743866}
{"sessionId":"b47418","runId":"post-fix4","hypothesisId":"G","location":"CreepSwarmController.cs:ApplyGroupTargetMove","message":"group target clamped","data":{"mode":"slideX","nx":-1.66090751,"ny":-2.38082623,"tx":-1.66090751,"ty":-2.457845},"timestamp":1789129743883}
{"sessionId":"b47418","runId":"post-fix4","hypothesisId":"A","location":"Creep.cs:UpdateFallState","message":"grace leave-ground fall","data":{"name":"Square (22)","px":-3.26392865,"py":-2.16073179,"vx":-1.78554821,"vy":0.465580463,"spd":1.84525,"airTime":0.239999935,"moveIntent":1},"timestamp":1789129743884}
{"sessionId":"b47418","runId":"post-fix4","hypothesisId":"G","location":"CreepSwarmController.cs:ApplyGroupTargetMove","message":"group target clamped","data":{"mode":"slideX","nx":-1.55617881,"ny":-2.38082623,"tx":-1.55617881,"ty":-2.457845},"timestamp":1789129743903}
{"sessionId":"b47418","runId":"post-fix4","hypothesisId":"G","location":"CreepSwarmController.cs:ApplyGroupTargetMove","message":"group target clamped","data":{"mode":"slideX","nx":-1.44964087,"ny":-2.383349,"tx":-1.44964087,"ty":-2.457845},"timestamp":1789129743926}
{"sessionId":"b47418","runId":"post-fix4","hypothesisId":"G","location":"CreepSwarmController.cs:ApplyGroupTargetMove","message":"group target clamped","data":{"mode":"slideX","nx":-1.23385072,"ny":-2.31284,"tx":-1.23385072,"ty":-2.38416243},"timestamp":1789129743962}
{"sessionId":"b47418","runId":"post-fix4","hypothesisId":"G","location":"CreepSwarmController.cs:ApplyGroupTargetMove","message":"group target clamped","data":{"mode":"slideX","nx":-1.12418771,"ny":-2.31434822,"tx":-1.12418771,"ty":-2.38416243},"timestamp":1789129743983}
{"sessionId":"b47418","runId":"post-fix6","hypothesisId":"I","location":"Creep.cs:ApplyWalkBob","message":"walk bob","data":{"spd":1.85966229,"bob":0.042649325,"angle":3.55411029,"amount":0.5722038},"timestamp":1789129743984}
{"sessionId":"b47418","runId":"post-fix6","hypothesisId":"G","location":"CreepSwarmController.cs:FixedUpdate","message":"swarm state","data":{"alive":30,"falling":2,"joyX":0.884313643,"joyY":0.466893226,"joyMag":0.99999994,"formScale":1,"tx":-0.7849272,"ty":-2.19205356,"groundMask":64},"timestamp":1789129744046}
{"sessionId":"b47418","runId":"post-fix4","hypothesisId":"A","location":"Creep.cs:UpdateFallState","message":"grace leave-ground fall","data":{"name":"Square (25)","px":-2.768024,"py":-2.2296083,"vx":0.7971971,"vy":2.41297817,"spd":2.541257,"airTime":0.239999935,"moveIntent":1},"timestamp":1789129744186}
{"sessionId":"b47418","runId":"post-fix4","hypothesisId":"A","location":"Creep.cs:UpdateFallState","message":"grace leave-ground fall","data":{"name":"Square (15)","px":-2.67029738,"py":-1.68593645,"vx":2.31881332,"vy":2.61446762,"spd":3.49461532,"airTime":0.239999935,"moveIntent":1},"timestamp":1789129744204}
{"sessionId":"b47418","runId":"post-fix4","hypothesisId":"A","location":"Creep.cs:UpdateFallState","message":"grace leave-ground fall","data":{"name":"Square (1)","px":-1.69917607,"py":-1.69757342,"vx":5.18181944,"vy":2.16607475,"spd":5.61632729,"airTime":0.239999935,"moveIntent":1},"timestamp":1789129744226}
{"sessionId":"b47418","runId":"post-fix4","hypothesisId":"A","location":"Creep.cs:UpdateFallState","message":"grace leave-ground fall","data":{"name":"Square (5)","px":-3.311521,"py":-1.8733865,"vx":4.57231569,"vy":1.89789414,"spd":4.950563,"airTime":0.239999935,"moveIntent":1},"timestamp":1789129744266}
{"sessionId":"b47418","runId":"post-fix4","hypothesisId":"A","location":"Creep.cs:UpdateFallState","message":"grace leave-ground fall","data":{"name":"Square (27)","px":-1.63937211,"py":-1.87348258,"vx":4.16552162,"vy":3.2398417,"spd":5.277134,"airTime":0.239999935,"moveIntent":1},"timestamp":1789129744305}
{"sessionId":"b47418","runId":"post-fix4","hypothesisId":"G","location":"CreepSwarmController.cs:ApplyGroupTargetMove","message":"group target clamped","data":{"mode":"slideY","nx":1.14361966,"ny":-1.41667759,"tx":1.0215317,"ty":-1.41667759},"timestamp":1789129744361}
{"sessionId":"b47418","runId":"post-fix6","hypothesisId":"G","location":"CreepSwarmController.cs:FixedUpdate","message":"swarm state","data":{"alive":26,"falling":3,"joyX":0.9417023,"joyY":0.33644715,"joyMag":0.99999994,"formScale":0.370000124,"tx":1.0215317,"ty":-1.32849121,"groundMask":64},"timestamp":1789129744404}
{"sessionId":"b47418","runId":"post-fix4","hypothesisId":"A","location":"Creep.cs:UpdateFallState","message":"grace leave-ground fall","data":{"name":"Square (3)","px":-1.289194,"py":-2.1491487,"vx":3.73700714,"vy":-0.02585435,"spd":3.73709655,"airTime":0.239999935,"moveIntent":0.99999994},"timestamp":1789129744447}
{"sessionId":"b47418","runId":"post-fix4","hypothesisId":"A","location":"Creep.cs:UpdateFallState","message":"grace leave-ground fall","data":{"name":"Square (16)","px":-3.10744143,"py":-2.30522776,"vx":3.87421012,"vy":-0.0739178956,"spd":3.87491512,"airTime":0.239999935,"moveIntent":1},"timestamp":1789129744466}
{"sessionId":"b47418","runId":"post-fix6","hypothesisId":"I","location":"Creep.cs:ApplyWalkBob","message":"walk bob","data":{"spd":3.09923768,"bob":-0.0504113138,"angle":-4.200943,"amount":0.9536116},"timestamp":1789129744503}
{"sessionId":"b47418","runId":"post-fix6","hypothesisId":"G","location":"CreepSwarmController.cs:FixedUpdate","message":"swarm state","data":{"alive":21,"falling":0,"joyX":0.352609128,"joyY":0.935770631,"joyMag":0.99999994,"formScale":0.15,"tx":1.0215317,"ty":1.76155925,"groundMask":64},"timestamp":1789129745025}
{"sessionId":"b47418","runId":"post-fix6","hypothesisId":"I","location":"Creep.cs:ApplyWalkBob","message":"walk bob","data":{"spd":2.74443769,"bob":-0.101326086,"angle":-8.44384,"amount":0.8444424},"timestamp":1789129745025}
{"sessionId":"b47418","runId":"post-fix6","hypothesisId":"G","location":"CreepSwarmController.cs:FixedUpdate","message":"swarm state","data":{"alive":21,"falling":0,"joyX":0.295613855,"joyY":0.955307543,"joyMag":1,"formScale":0.15,"tx":1.06374025,"ty":2.49790835,"groundMask":64},"timestamp":1789129745142}
{"sessionId":"b47418","runId":"post-fix6","hypothesisId":"G","location":"CreepSwarmController.cs:FixedUpdate","message":"swarm state","data":{"alive":21,"falling":0,"joyX":0.2475295,"joyY":0.968880355,"joyMag":1,"formScale":0.15,"tx":1.06374025,"ty":3.87938881,"groundMask":64},"timestamp":1789129745362}
{"sessionId":"b47418","runId":"post-fix6","hypothesisId":"I","location":"Creep.cs:ApplyWalkBob","message":"walk bob","data":{"spd":1.20478427,"bob":-0.0186520219,"angle":-1.55433524,"amount":0.370702863},"timestamp":1789129745546}
{"sessionId":"b47418","runId":"post-fix6","hypothesisId":"G","location":"CreepSwarmController.cs:FixedUpdate","message":"swarm state","data":{"alive":21,"falling":0,"joyX":0.2850946,"joyY":0.958499432,"joyMag":1,"formScale":0.15,"tx":1.06374025,"ty":5.25466871,"groundMask":64},"timestamp":1789129745583}
{"sessionId":"b47418","runId":"post-fix6","hypothesisId":"G","location":"CreepSwarmController.cs:FixedUpdate","message":"swarm state","data":{"alive":21,"falling":0,"joyX":0.3113629,"joyY":0.9502911,"joyMag":1,"formScale":0.15,"tx":1.06374025,"ty":7.23809147,"groundMask":64},"timestamp":1789129745902}
{"sessionId":"b47418","runId":"post-fix6","hypothesisId":"I","location":"Creep.cs:ApplyWalkBob","message":"walk bob","data":{"spd":1.2385546,"bob":0.029241031,"angle":2.4367528,"amount":0.38109374},"timestamp":1789129746063}
{"sessionId":"b47418","runId":"post-fix6","hypothesisId":"G","location":"CreepSwarmController.cs:FixedUpdate","message":"swarm state","data":{"alive":21,"falling":0,"joyX":0.358100444,"joyY":0.933683038,"joyMag":1,"formScale":0.15,"tx":1.06374025,"ty":8.58137,"groundMask":64},"timestamp":1789129746123}
{"sessionId":"b47418","runId":"post-fix4","hypothesisId":"A","location":"Creep.cs:UpdateFallState","message":"grace leave-ground fall","data":{"name":"Square (2)","px":-1.16681349,"py":-2.154568,"vx":-0.177538738,"vy":1.36577976,"spd":1.37727058,"airTime":0.239999935,"moveIntent":1},"timestamp":1789129746284}
{"sessionId":"b47418","runId":"post-fix6","hypothesisId":"G","location":"CreepSwarmController.cs:FixedUpdate","message":"swarm state","data":{"alive":21,"falling":1,"joyX":0.407250553,"joyY":0.9133165,"joyMag":1,"formScale":0.15,"tx":1.06374025,"ty":10.0192127,"groundMask":64},"timestamp":1789129746463}
{"sessionId":"b47418","runId":"post-fix4","hypothesisId":"A","location":"Creep.cs:UpdateFallState","message":"grace leave-ground fall","data":{"name":"Square (11)","px":-2.48727679,"py":-1.10610938,"vx":0.556967258,"vy":5.86656141,"spd":5.892941,"airTime":0.239999935,"moveIntent":1},"timestamp":1789129746463}
{"sessionId":"b47418","runId":"post-fix4","hypothesisId":"A","location":"Creep.cs:UpdateFallState","message":"grace leave-ground fall","data":{"name":"Square (17)","px":-1.11869645,"py":-0.1568245,"vx":-0.780042946,"vy":4.692073,"spd":4.75647068,"airTime":0.239999935,"moveIntent":1},"timestamp":1789129746504}
{"sessionId":"b47418","runId":"post-fix6","hypothesisId":"I","location":"Creep.cs:ApplyWalkBob","message":"walk bob","data":{"spd":1.23870969,"bob":0.0443229973,"angle":3.69358325,"amount":0.381141454},"timestamp":1789129746583}
{"sessionId":"b47418","runId":"post-fix6","hypothesisId":"G","location":"CreepSwarmController.cs:FixedUpdate","message":"swarm state","data":{"alive":18,"falling":0,"joyX":0.3803948,"joyY":0.9248242,"joyMag":1,"formScale":0.15,"tx":1.06374025,"ty":10.0192127,"groundMask":64},"timestamp":1789129746704}
{"sessionId":"b47418","runId":"post-fix4","hypothesisId":"A","location":"Creep.cs:UpdateFallState","message":"grace leave-ground fall","data":{"name":"Square (20)","px":-1.6075387,"py":-2.13224721,"vx":-0.250539333,"vy":1.46438932,"spd":1.48566687,"airTime":0.239999935,"moveIntent":1},"timestamp":1789129746705}
{"sessionId":"b47418","runId":"post-fix4","hypothesisId":"A","location":"Creep.cs:UpdateFallState","message":"grace leave-ground fall","data":{"name":"Square","px":-1.25423491,"py":-2.1714282,"vx":-0.552976966,"vy":2.53848338,"spd":2.59801483,"airTime":0.239999935,"moveIntent":1},"timestamp":1789129746727}
{"sessionId":"b47418","runId":"post-fix6","hypothesisId":"G","location":"CreepSwarmController.cs:FixedUpdate","message":"swarm state","data":{"alive":18,"falling":2,"joyX":0.372669548,"joyY":0.9279641,"joyMag":1,"formScale":0.15,"tx":1.06374025,"ty":10.0192127,"groundMask":64},"timestamp":1789129746825}
{"sessionId":"b47418","runId":"post-fix4","hypothesisId":"A","location":"Creep.cs:UpdateFallState","message":"grace leave-ground fall","data":{"name":"Square (13)","px":-1.23455524,"py":-0.8280387,"vx":-1.04558277,"vy":4.965222,"spd":5.07411766,"airTime":0.239999935,"moveIntent":1},"timestamp":1789129746825}
{"sessionId":"b47418","runId":"post-fix4","hypothesisId":"A","location":"Creep.cs:UpdateFallState","message":"grace leave-ground fall","data":{"name":"Square (8)","px":-2.7881937,"py":-1.487242,"vx":0.8499492,"vy":4.327918,"spd":4.41058826,"airTime":0.239999935,"moveIntent":1},"timestamp":1789129746843}
{"sessionId":"b47418","runId":"post-fix4","hypothesisId":"A","location":"Creep.cs:UpdateFallState","message":"grace leave-ground fall","data":{"name":"Square (19)","px":-1.68221617,"py":-2.20506358,"vx":-0.439513445,"vy":1.49793386,"spd":1.56108224,"airTime":0.239999935,"moveIntent":0.99999994},"timestamp":1789129746965}
{"sessionId":"b47418","runId":"post-fix4","hypothesisId":"A","location":"Creep.cs:UpdateFallState","message":"grace leave-ground fall","data":{"name":"Square (23)","px":-1.00483394,"py":1.65314543,"vx":1.11359417,"vy":5.28994131,"spd":5.405883,"airTime":0.239999935,"moveIntent":1},"timestamp":1789129747004}
{"sessionId":"b47418","runId":"post-fix4","hypothesisId":"A","location":"Creep.cs:UpdateFallState","message":"grace leave-ground fall","data":{"name":"Square (14)","px":-2.14246917,"py":-2.112831,"vx":-0.298573762,"vy":1.53024983,"spd":1.55910575,"airTime":0.239999935,"moveIntent":0.99999994},"timestamp":1789129747022}
{"sessionId":"b47418","runId":"post-fix4","hypothesisId":"A","location":"Creep.cs:UpdateFallState","message":"grace leave-ground fall","data":{"name":"Square (28)","px":-1.35327363,"py":-2.07021856,"vx":-1.15600431,"vy":4.59930038,"spd":4.742353,"airTime":0.239999935,"moveIntent":0.99999994},"timestamp":1789129747022}
{"sessionId":"b47418","runId":"post-fix4","hypothesisId":"A","location":"Creep.cs:UpdateFallState","message":"grace leave-ground fall","data":{"name":"Square (29)","px":-3.20866966,"py":-1.52143121,"vx":0.868112862,"vy":4.153952,"spd":4.243694,"airTime":0.239999935,"moveIntent":1},"timestamp":1789129747122}
{"sessionId":"b47418","runId":"post-fix6","hypothesisId":"G","location":"CreepSwarmController.cs:FixedUpdate","message":"swarm state","data":{"alive":13,"falling":4,"joyX":0.364108533,"joyY":0.931356549,"joyMag":1,"formScale":0.15,"tx":1.06374025,"ty":10.0192127,"groundMask":64},"timestamp":1789129747165}
{"sessionId":"b47418","runId":"post-fix4","hypothesisId":"A","location":"Creep.cs:UpdateFallState","message":"grace leave-ground fall","data":{"name":"Square (33)","px":-2.56358242,"py":-2.11090183,"vx":-2.61149549,"vy":3.21202779,"spd":4.13969,"airTime":0.239999935,"moveIntent":1},"timestamp":1789129747265}
{"sessionId":"b47418","runId":"post-fix6","hypothesisId":"G","location":"CreepSwarmController.cs:FixedUpdate","message":"swarm state","data":{"alive":10,"falling":2,"joyX":0.366257668,"joyY":0.9305135,"joyMag":1,"formScale":0.15,"tx":1.06374025,"ty":10.0192127,"groundMask":64},"timestamp":1789129747282}
{"sessionId":"b47418","runId":"post-fix4","hypothesisId":"A","location":"Creep.cs:UpdateFallState","message":"grace leave-ground fall","data":{"name":"Square (12)","px":-3.25833535,"py":-1.68433344,"vx":-0.0218859613,"vy":2.807023,"spd":2.8071084,"airTime":0.239999935,"moveIntent":1},"timestamp":1789129747282}
{"sessionId":"b47418","runId":"post-fix6","hypothesisId":"G","location":"CreepSwarmController.cs:FixedUpdate","message":"swarm state","data":{"alive":9,"falling":2,"joyX":0.366257668,"joyY":0.9305135,"joyMag":1,"formScale":0.15,"tx":1.06374025,"ty":10.0192127,"groundMask":64},"timestamp":1789129747402}
{"sessionId":"b47418","runId":"post-fix4","hypothesisId":"A","location":"Creep.cs:UpdateFallState","message":"grace leave-ground fall","data":{"name":"Square (32)","px":-2.19535971,"py":-1.68136621,"vx":-2.12705612,"vy":4.04813766,"spd":4.572941,"airTime":0.239999935,"moveIntent":1},"timestamp":1789129747445}
{"sessionId":"b47418","runId":"post-fix6","hypothesisId":"G","location":"CreepSwarmController.cs:FixedUpdate","message":"swarm state","data":{"alive":7,"falling":1,"joyX":0.366257668,"joyY":0.9305135,"joyMag":1,"formScale":0.15,"tx":1.06374025,"ty":10.0192127,"groundMask":64},"timestamp":1789129747624}
{"sessionId":"b47418","runId":"post-fix4","hypothesisId":"A","location":"Creep.cs:UpdateFallState","message":"grace leave-ground fall","data":{"name":"Square (24)","px":-3.167166,"py":-1.5018574,"vx":-2.27289486,"vy":4.15392828,"spd":4.7351,"airTime":0.239999935,"moveIntent":1},"timestamp":1789129747761}
{"sessionId":"b47418","runId":"post-fix6","hypothesisId":"G","location":"CreepSwarmController.cs:FixedUpdate","message":"swarm state","data":{"alive":6,"falling":1,"joyX":0.364108533,"joyY":0.931356549,"joyMag":1,"formScale":0.15,"tx":1.06374025,"ty":10.0192127,"groundMask":64},"timestamp":1789129747845}
{"sessionId":"b47418","runId":"post-fix6","hypothesisId":"G","location":"CreepSwarmController.cs:FixedUpdate","message":"swarm state","data":{"alive":5,"falling":0,"joyX":-0.17631875,"joyY":0.984333158,"joyMag":1,"formScale":0.15,"tx":1.02182615,"ty":10.1471758,"groundMask":64},"timestamp":1789129748204}
{"sessionId":"b47418","runId":"post-fix4","hypothesisId":"A","location":"Creep.cs:UpdateFallState","message":"grace leave-ground fall","data":{"name":"Square (18)","px":0.8852898,"py":10.345437,"vx":-3.34472656,"vy":0.613687754,"spd":3.40056,"airTime":0.239999935,"moveIntent":1},"timestamp":1789129748381}
{"sessionId":"b47418","runId":"post-fix6","hypothesisId":"G","location":"CreepSwarmController.cs:FixedUpdate","message":"swarm state","data":{"alive":4,"falling":0,"joyX":-0.7569399,"joyY":-0.653484464,"joyMag":0.99999994,"formScale":0.2479999,"tx":-0.980289459,"ty":9.63939,"groundMask":64},"timestamp":1789129748667}
{"sessionId":"b47418","runId":"post-fix6","hypothesisId":"G","location":"CreepSwarmController.cs:FixedUpdate","message":"swarm state","data":{"alive":4,"falling":1,"joyX":-0.4411129,"joyY":-0.8974516,"joyMag":0.99999994,"formScale":0.15,"tx":-1.06488156,"ty":8.410761,"groundMask":64},"timestamp":1789129748907}
{"sessionId":"b47418","runId":"post-fix6","hypothesisId":"G","location":"CreepSwarmController.cs:FixedUpdate","message":"swarm state","data":{"alive":3,"falling":1,"joyX":-0.285506219,"joyY":-0.9583768,"joyMag":0.99999994,"formScale":0.15,"tx":-1.06488156,"ty":7.67835,"groundMask":64},"timestamp":1789129749030}
{"sessionId":"b47418","runId":"post-fix6","hypothesisId":"G","location":"CreepSwarmController.cs:FixedUpdate","message":"swarm state","data":{"alive":2,"falling":2,"joyX":-0.208911791,"joyY":-0.9779345,"joyMag":1,"formScale":0.15,"tx":-1.06488156,"ty":6.922095,"groundMask":64},"timestamp":1789129749142}
{"sessionId":"b47418","runId":"post-fix6","hypothesisId":"G","location":"CreepSwarmController.cs:FixedUpdate","message":"swarm state","data":{"alive":0,"falling":0,"joyX":0.09597044,"joyY":-0.9953842,"joyMag":1,"formScale":0.9272727,"tx":-0.8624854,"ty":4.965407,"groundMask":64},"timestamp":1789129750046}
{"sessionId":"b47418","runId":"post-fix6","hypothesisId":"G","location":"CreepSwarmController.cs:FixedUpdate","message":"swarm state","data":{"alive":0,"falling":0,"joyX":0,"joyY":0,"joyMag":0,"formScale":0.8727272,"tx":-0.808461249,"ty":4.44822264,"groundMask":64},"timestamp":1789129750265}
{"sessionId":"b47418","runId":"post-fix6","hypothesisId":"G","location":"CreepSwarmController.cs:FixedUpdate","message":"swarm state","data":{"alive":0,"falling":0,"joyX":0,"joyY":0,"joyMag":0,"formScale":0.8727272,"tx":-0.808461249,"ty":4.44822264,"groundMask":64},"timestamp":1789129750482}
{"sessionId":"b47418","runId":"post-fix6","hypothesisId":"G","location":"CreepSwarmController.cs:FixedUpdate","message":"swarm state","data":{"alive":0,"falling":0,"joyX":0,"joyY":0,"joyMag":0,"formScale":0.8727272,"tx":-0.808461249,"ty":4.44822264,"groundMask":64},"timestamp":1789129751245}
